id	F
1	1.5379
2	0.0
3	1.5334
4	0.0
5	2.5181
6	1.8911
7	0.0
8	2.2367
9	0.0
10	4.5623
11	1.9069
12	0.9917
13	1.5365
14	2.7672
15	1.9545
16	2.5536
17	3.9233
18	2.8407
19	1.2524
20	1.7287
21	0.0
22	0.0
23	3.352
24	0.0
25	0.0
26	2.024
27	1.7415
28	0.0
29	1.8847
30	0.0
31	0.0
32	0.0
33	0.0
34	2.6505
35	1.8684
36	0.0
37	0.0
38	0.0
39	0.0
40	0.0
41	0.0
42	0.0
43	0.0
44	1.8537
45	2.1944
46	1.3734
47	1.4971
48	0.0
49	2.0244
50	1.2397
51	0.0
52	3.4868
53	0.0
54	0.0
55	2.46
56	1.0885
57	1.8663
58	1.4119
59	0.0
60	1.8738
61	0.0
62	1.4679
63	0.9024
64	0.0
65	2.3569999999999998
66	0.0
67	2.6733
68	0.0
69	0.0
70	1.4354
71	0.0
72	0.0
73	1.5584
74	0.0
75	1.1856
76	0.0
77	0.0
78	0.0
79	0.0
80	2.0166
81	0.0
82	4.2253
83	0.0
84	0.0
85	0.0
86	1.2882
87	1.7664
88	2.2468
89	1.9866
90	1.1919
91	2.9768
92	2.1434
93	1.5276
94	0.0
95	1.8521
96	2.2377
97	1.2479
98	0.0
99	1.4188
100	0.0
101	0.0
102	1.3659
103	2.7867
104	3.0733
105	2.6788
106	0.0
107	0.0
108	0.0
109	0.0
110	1.8866
111	0.0
112	0.0
113	0.0
114	0.0
115	0.0
116	0.0
117	2.2548
118	0.0
119	0.0
120	0.0
121	0.0
122	0.0
123	0.0
124	0.0
125	0.0
126	0.0
127	0.0
128	0.0
129	0.0
130	1.9045
131	1.6043
132	2.6389
133	4.3214
134	2.1904
135	0.0
136	1.9431
137	2.2739
138	0.0
139	1.7691
140	2.0598
141	1.2089
142	3.429
143	0.0
144	2.5262
145	0.9445
146	1.4013
147	0.8635
148	1.7612
149	2.1928
150	2.4281
151	1.6353
152	2.8483
153	1.7909
154	2.9442
155	1.4679
156	3.0136
157	1.4493
158	0.0
159	1.1329
160	2.0616
161	2.3245
162	2.0835
163	0.0
164	0.8384
165	5.8455
166	1.7902
167	2.1335
168	1.083
169	0.0
170	1.5898
171	0.0
172	0.0
173	6.4872
174	0.0
175	0.0
176	0.0
177	2.9391
178	2.3382
179	0.0
180	1.4569
181	2.8458
182	0.0
183	2.2123
184	0.0
185	2.4666
186	0.0
187	0.0
188	0.0
189	2.4733
190	1.5394
191	3.7510000000000003
192	0.0
193	0.0
194	1.7285
195	0.0
196	0.0
197	0.0
198	0.0
199	0.0
200	0.0
201	0.0
202	0.0
203	0.0
204	0.0
205	0.0
206	0.0
207	0.0
208	0.0
209	0.0
210	0.0
211	0.0
212	1.2795
213	3.7704
214	1.0276
215	2.0948
216	0.9359
217	2.1733
218	2.608
219	1.6291
220	0.0
221	2.4125
222	1.0389
223	1.7099
224	3.6989
225	1.0543
226	0.9681
227	1.8743
228	1.67
229	1.1983
230	3.0772
231	0.0
232	0.0
233	0.0
234	1.0590000000000002
235	0.0
236	1.4033
237	3.8179
238	1.8772
239	1.6581
240	2.1251
241	2.3522
242	0.0
243	1.5521
244	0.0
245	4.4761
246	1.8494
247	3.4474
248	2.8738
249	1.9757
250	1.2208
251	2.9245
252	2.9263
253	1.4636
254	0.0
255	0.0
256	0.0
257	0.0
258	2.4312
259	1.7337
260	1.0487
261	0.0
262	1.3066
263	2.3619
264	0.0
265	4.1866
266	0.0
267	0.0
268	0.0
269	0.0
270	0.0
271	2.0962
272	0.0
273	0.0
274	0.0
275	0.0
276	0.0
277	0.0
278	1.8688
279	0.0
280	0.0
281	0.0
282	0.0
283	0.0
284	0.0
285	0.0
286	0.0
287	0.0
288	1.8644
289	0.8545
290	0.0
291	2.1963
292	1.9805
293	0.941
294	5.5317
295	2.2632
296	0.0
297	2.6689999999999996
298	1.3283
299	2.4996
300	0.0
301	2.2367
302	0.6407
303	0.0
304	1.3538
305	1.5955
306	1.0979999999999999
307	0.9717
308	1.8472
309	2.7022
310	1.235
311	1.9886
312	2.0743
313	1.1766
314	2.6366
315	1.3081
316	0.0
317	0.9782
318	3.5246
319	2.2205
320	1.9181
321	0.7985
322	0.0
323	0.0
324	2.6533
325	1.2038
326	4.4282
327	1.1082
328	3.0154
329	1.3421
330	0.0
331	0.9655
332	1.6454
333	1.148
334	1.5135
335	1.3659
336	2.7494
337	0.0
338	2.6223
339	0.0
340	2.35
341	1.4701
342	0.0
343	0.0
344	0.0
345	0.0
346	0.0
347	0.0
348	0.0
349	0.0
350	0.0
351	0.0
352	0.0
353	0.0
354	0.0
355	1.0603
356	1.0685
357	0.9822
358	0.0
359	1.7065
360	3.326
361	1.0011
362	0.0
363	0.0
364	0.0
365	1.7083
366	2.1296
367	1.8493
368	2.1159
369	1.6425
370	0.7488
371	0.0
372	0.0
373	0.0
374	0.0
375	2.2251
376	1.4848
377	1.0754
378	2.1806
379	0.0
380	0.0
381	0.0
382	1.8522
383	0.0
384	2.3857
385	2.5823
386	0.0
387	0.0
388	2.115
389	0.0
390	2.7345
391	1.8559999999999999
392	0.0
393	0.9964
394	4.9808
395	1.1408
396	3.6837
397	2.251
398	0.0
399	1.4883
400	2.0913
401	0.0
402	0.0
403	0.0
404	0.0
405	0.0
406	0.0
407	0.0
408	0.0
409	0.0
410	2.9849
411	0.0
412	0.0
413	0.0
414	0.0
415	0.0
416	0.0
417	0.0
418	0.0
419	0.0
420	0.0
421	0.0
422	0.0
423	0.0
424	1.8492
425	1.4141
426	1.7034
427	0.0
428	0.0
429	0.0
430	2.5257
431	2.3169
432	2.0209
433	1.1035
434	2.5519
435	0.0
436	0.0
437	1.8319
438	1.2238
439	2.4648
440	1.6561
441	2.3927
442	1.3799
443	0.0
444	0.0
445	0.0
446	0.0
447	0.789
448	2.4215
449	2.9954
450	2.4001
451	0.0
452	1.6848
453	0.0
454	2.247
455	1.8863
456	0.0
457	0.9831
458	2.5028
459	2.1454
460	0.0
461	1.5217
462	1.6518
463	1.78
464	0.0
465	0.0
466	1.7959
467	2.5568
468	0.0
469	0.0
470	1.5347
471	0.0
472	0.0
473	0.0
474	0.0
475	0.0
476	2.0543
477	0.0
478	0.0
479	0.0
480	0.0
481	0.0
482	0.0
483	0.0
484	0.0
485	0.0
486	0.0
487	0.0
488	0.0
489	0.0
490	0.0
491	1.8816
492	0.0
493	0.0
494	0.0
495	0.0
496	0.0
497	0.0
498	2.4661
499	1.0092
500	0.0
501	0.0
502	2.0183
503	2.1943
504	3.6292
505	0.9335
506	1.6597
507	0.0
508	3.4978
509	2.1012
510	2.2067
511	2.7922
512	2.864
513	1.0336
514	0.0
515	0.8863
516	1.3549
517	2.823
518	1.4413
519	1.3433
520	0.9009999999999999
521	3.6673
522	6.2436
523	0.0
524	0.0
525	4.3376
526	2.9354
527	0.0
528	0.0
529	1.9409
530	5.2839
531	2.3359
532	1.3130000000000002
533	2.0349
534	2.8227
535	0.0
536	3.3233
537	0.0
538	0.0
539	0.0
540	0.0
541	0.0
542	0.0
543	3.0121
544	0.0
545	0.0
546	0.0
547	2.0713
548	0.0
549	0.0
550	0.0
551	0.0
552	0.0
553	0.0
554	0.0
555	0.0
556	1.3326
557	0.0
558	0.0
559	0.0
560	0.0
561	0.0
562	0.0
563	0.0
564	0.0
565	0.0
566	0.0
567	0.0
568	0.0
569	0.0
570	0.0
571	0.0
572	0.0
573	0.0
574	0.0
575	0.0
576	0.0
577	1.2354
578	1.4040000000000001
579	3.3631
580	0.0
581	0.0
582	1.4343
583	0.0
584	2.0577
585	2.3799
586	0.0
587	1.9143
588	1.8488
589	0.8886
590	0.8878
591	3.6772
592	1.5634
593	1.9796
594	0.0
595	1.7397
596	2.0056
597	4.4464
598	1.8864
599	1.2005
600	1.1153
601	1.1529
602	1.3147
603	3.7545
604	1.9119
605	0.0
606	1.9246
607	2.2347
608	1.8147
609	1.2741
610	0.0
611	0.0
612	2.4714
613	2.5038
614	1.054
615	2.4955
616	0.0
617	0.0
618	3.5998
619	1.4165
620	1.5111
621	0.0
622	0.0
623	0.0
624	0.0
625	2.7
626	0.0
627	0.0
628	1.4647
629	2.4444
630	0.0
631	2.1553
632	2.1929
633	0.0
634	0.0
635	1.9249
636	0.0
637	0.0
638	0.993
639	0.0
640	1.5134
641	0.0
642	0.0
643	0.0
644	0.0
645	0.0
646	0.0
647	0.0
648	0.0
649	0.0
650	0.9491
651	0.0
652	1.2458
653	0.9657
654	1.0468
655	1.2067
656	1.1026
657	2.2743
658	0.0
659	0.0
660	1.7961
661	1.6519
662	3.1147
663	1.5621
664	2.2225
665	3.5877
666	4.2966
667	1.4340000000000002
668	0.0
669	1.3165
670	2.1996
671	1.1054
672	3.2161
673	2.5723
674	0.0
675	1.5145
676	2.1407
677	2.9884
678	2.6693
679	0.8899
680	0.0
681	0.0
682	1.5423
683	0.0
684	2.4627
685	0.9572
686	1.6741
687	2.2125
688	2.1695
689	1.2229
690	0.0
691	1.6126
692	0.0
693	0.0
694	2.0738
695	1.8319999999999999
696	2.2019
697	0.0
698	3.8416
699	2.2819
700	1.052
701	1.192
702	1.3009
703	2.2334
704	2.7295
705	3.8736
706	2.1287
707	2.4532
708	0.0
709	2.387
710	1.531
711	0.9541
712	1.2478
713	0.0
714	2.9875
715	2.5274
716	2.3322
717	0.0
718	0.0
719	0.0
720	0.0
721	0.0
722	0.0
723	3.1283
724	0.0
725	0.0
726	0.0
727	0.0
728	0.0
729	0.0
730	0.0
731	0.0
732	0.0
733	0.0
734	0.0
735	0.0
736	0.0
737	0.0
738	0.0
739	0.0
740	0.0
741	0.0
742	0.0
743	1.5824
744	0.0
745	0.0
746	1.8095
747	0.0
748	2.6437
749	0.9414
750	2.2412
751	1.3846
752	0.8590000000000001
753	1.7177
754	4.2735
755	0.0
756	0.0
757	1.8521
758	3.1638
759	1.1004
760	1.9908
761	2.3698
762	2.2386
763	2.0049
764	1.6611
765	2.2292
766	2.8136
767	3.2651
768	2.2552
769	1.4572
770	1.3728
771	1.4877
772	0.0
773	1.2648
774	2.7974
775	1.5703
776	0.0
777	2.8121
778	1.7043
779	2.1924
780	2.6089
781	2.1868
782	2.5929
783	4.3891
784	0.0
785	2.7071
786	1.4969999999999999
787	0.0
788	1.8562
789	1.7014
790	6.7043
791	1.5365
792	1.9242
793	0.0
794	1.1296
795	0.9024
796	1.6816
797	1.3875
798	1.8389
799	4.0705
800	2.6856
801	2.0862
802	1.4864
803	2.6119
804	1.4991
805	0.0
806	0.0
807	4.3193
808	0.0
809	0.0
810	2.5612
811	3.6579
812	1.5525
813	2.4548
814	0.0
815	2.3499
816	3.1212
817	0.0
818	1.2247
819	1.2804
820	0.0
821	0.0
822	0.0
823	0.0
824	0.0
825	0.0
826	0.0
827	0.0
828	0.0
829	3.4834
830	0.0
831	0.0
832	0.0
833	0.0
834	0.0
835	0.0
836	0.0
837	2.0841
838	1.1898
839	2.1008
840	2.6797
841	2.1672
842	0.0
843	0.0
844	1.6636
845	0.868
846	1.8902
847	0.0
848	0.0
849	0.0
850	0.0
851	1.4208
852	1.5718
853	5.1901
854	1.3513
855	0.0
856	1.0044
857	0.0
858	1.5598
859	2.2962
860	1.9669999999999999
861	0.7621
862	3.2442
863	1.5530000000000002
864	0.0
865	0.0
866	1.9322
867	0.0
868	0.0
869	1.8441
870	2.3398
871	1.9762
872	2.0517
873	0.0
874	2.1056
875	2.6737
876	2.2476
877	0.8961
878	1.7236
879	0.0
880	1.4216
881	1.1395
882	2.6704
883	1.4276
884	1.1894
885	1.7968
886	0.9841
887	0.0
888	1.5813
889	0.0
890	3.9231
891	1.3919
892	2.2018
893	0.0
894	2.3278
895	0.0
896	2.5557
897	1.806
898	2.6669
899	1.0941
900	1.9635
901	0.0
902	0.0
903	0.6566
904	1.4711
905	0.0
906	1.3241
907	0.0
908	3.6115
909	1.3182
910	3.1518
911	2.8956
912	2.5281
913	0.0
914	0.0
915	6.6685
916	0.0
917	2.97
918	0.0
919	0.0
920	1.7261
921	0.0
922	0.0
923	0.0
924	0.0
925	0.0
926	0.0
927	0.0
928	0.0
929	0.0
930	0.7629
931	0.0
932	0.0
933	0.0
934	0.0
935	0.0
936	0.0
937	0.0
938	0.0
939	0.0
940	0.0
941	5.7394
942	2.0309
943	2.1481
944	1.5059
945	2.3943
946	3.2514
947	0.0
948	1.5734
949	0.0
950	0.0
951	1.4784
952	0.0
953	1.0883
954	1.6104
955	1.2544
956	1.5338
957	1.2436
958	2.65
959	1.7269
960	2.1311
961	0.0
962	1.6717
963	2.0634
964	1.516
965	1.7661
966	0.0
967	1.0946
968	0.9629
969	0.0
970	1.9084
971	2.1683
972	2.6772
973	2.4423
974	1.3204
975	2.4362
976	3.5087
977	0.0
978	1.0659
979	0.0
980	0.0
981	0.0
982	0.0
983	2.6836
984	2.654
985	0.0
986	0.0
987	0.0
988	2.6299
989	1.8959
990	0.0
991	4.2031
992	0.0
993	2.0491
994	0.0
995	3.1108
996	0.0
997	1.5219999999999998
998	0.0
999	0.0
1000	0.0
1001	0.0
1002	0.0
1003	0.0
1004	0.0
1005	0.0
1006	0.0
1007	0.0
1008	0.0
1009	0.0
1010	0.0
1011	6.2847
1012	1.2943
1013	1.0247
1014	1.5923
1015	2.0339
1016	0.9823
1017	1.2143
1018	2.1811
1019	1.8409
1020	3.5795
1021	1.7422
1022	2.4431
1023	0.0
1024	1.4536
1025	2.0197
1026	2.0972
1027	0.0
1028	2.46
1029	1.8262
1030	3.0648
1031	0.0
1032	1.9602
1033	0.0
1034	1.8636
1035	1.2687
1036	1.1247
1037	1.0919
1038	1.891
1039	2.2387
1040	0.0
1041	0.0
1042	1.6469
1043	0.0
1044	1.9363
1045	1.7837
1046	0.0
1047	2.3435
1048	1.2337
1049	1.6059999999999999
1050	1.8286
1051	0.0
1052	0.0
1053	0.0
1054	2.5322
1055	1.3068
1056	0.0
1057	0.0
1058	2.0742
1059	2.3755
1060	1.7439
1061	1.9299
1062	0.0
1063	1.3578
1064	2.555
1065	0.0
1066	0.0
1067	0.0
1068	2.0673
1069	0.0
1070	0.0
1071	0.0
1072	1.7767
1073	0.0
1074	1.8665
1075	0.0
1076	0.0
1077	0.0
1078	0.0
1079	0.0
1080	0.0
1081	2.0021
1082	2.2311
1083	1.5388
1084	1.7154
1085	3.3408
1086	0.0
1087	0.0
1088	2.2673
1089	5.6241
1090	1.4904
1091	2.9548
1092	6.2941
1093	1.2092
1094	0.0
1095	1.2801
1096	3.1904
1097	2.8017
1098	1.3257
1099	2.5878
1100	1.5141
1101	0.0
1102	1.9527
1103	1.8579
1104	1.8149
1105	0.0
1106	2.2328
1107	3.2256
1108	0.0
1109	2.286
1110	1.6423
1111	3.0
1112	2.5161
1113	0.0
1114	1.367
1115	0.0
1116	1.6556
1117	3.9998
1118	2.373
1119	2.5803
1120	0.988
1121	2.5094
1122	0.0
1123	2.0508
1124	1.0068
1125	1.2448
1126	2.7197
1127	1.7397
1128	0.0
1129	0.0
1130	0.0
1131	2.4231
1132	2.5484
1133	0.0
1134	2.33
1135	1.1257
1136	0.0
1137	1.3224
1138	2.1926
1139	2.275
1140	0.0
1141	0.0
1142	0.0
1143	2.6505
1144	0.0
1145	0.0
1146	0.0
1147	0.0
1148	2.16
1149	2.2558
1150	0.0
1151	0.0
1152	0.0
1153	0.0
1154	0.0
1155	1.3223
1156	0.0
1157	0.0
1158	0.0
1159	0.0
1160	0.0
1161	0.0
1162	0.0
1163	0.0
1164	0.0
1165	2.5202
1166	2.0737
1167	1.7115
1168	2.3344
1169	2.2197
1170	1.8195
1171	0.0
1172	2.5065
1173	2.8399
1174	3.1498
1175	1.3915
1176	1.5169
1177	2.5081
1178	2.2343
1179	1.1011
1180	2.5177
1181	4.2038
1182	0.9948
1183	1.0744
1184	1.8552
1185	2.6891
1186	0.8733
1187	2.2729
1188	1.4215
1189	2.0974
1190	1.2626
1191	2.2196
1192	1.9312
1193	0.0
1194	0.0
1195	1.7237
1196	2.1097
1197	2.3636
1198	2.2241
1199	2.1944
1200	2.2861
1201	4.3559
1202	1.0182
1203	2.7096
1204	2.3931
1205	2.0554
1206	1.795
1207	1.1459
1208	4.6313
1209	0.0
1210	0.0
1211	2.3839
1212	0.0
1213	0.0
1214	0.0
1215	0.0
1216	0.0
1217	0.0
1218	1.5486
1219	0.0
1220	0.0
1221	0.0
1222	0.0
1223	0.0
1224	0.0
1225	0.0
1226	0.0
1227	0.0
1228	0.0
1229	0.0
1230	0.0
1231	0.0
1232	0.0
1233	0.0
1234	0.0
1235	0.0
1236	0.0
1237	0.0
1238	1.3907
1239	2.3474
1240	1.0590000000000002
1241	0.0
1242	2.234
1243	0.7521
1244	1.1993
1245	2.6877
1246	1.2962
1247	2.3366
1248	0.0
1249	0.0
1250	1.047
1251	2.0069999999999997
1252	3.1529
1253	1.5869
1254	0.0
1255	5.1193
1256	0.0
1257	2.4406
1258	0.0
1259	1.5942
1260	2.3751
1261	3.3066
1262	2.3844
1263	0.8788
1264	2.7898
1265	1.4989
1266	0.0
1267	0.0
1268	1.1417
1269	0.0
1270	2.3614
1271	2.1187
1272	0.9185
1273	0.0
1274	2.2106
1275	1.1674
1276	3.9392
1277	0.0
1278	2.6884
1279	2.416
1280	1.4308
1281	3.4024
1282	0.9864
1283	1.4685
1284	0.0
1285	0.0
1286	1.4157
1287	0.0
1288	0.0
1289	0.0
1290	0.0
1291	1.5712
1292	1.3356
1293	0.0
1294	1.6271
1295	0.0
1296	0.0
1297	0.0
1298	0.0
1299	1.9083
1300	0.0
1301	0.0
1302	0.0
1303	0.581
1304	1.7455
1305	0.0
1306	0.0
1307	0.0
1308	0.0
1309	0.0
1310	0.0
1311	0.0
1312	0.0
1313	0.0
1314	0.0
1315	0.0
1316	0.0
1317	2.0942
1318	0.9673
1319	2.3571
1320	5.0602
1321	2.1995
1322	0.0
1323	1.5261
1324	1.8581
1325	6.4539
1326	1.2743
1327	2.759
1328	1.9519
1329	2.2397
1330	1.7528
1331	1.5105
1332	1.3822
1333	2.3415
1334	2.6659
1335	2.5602
1336	1.318
1337	1.3123
1338	1.5205
1339	1.3728
1340	1.7103
1341	2.1152
1342	3.9414
1343	1.5356
1344	2.0377
1345	1.3113
1346	0.0
1347	1.5166
1348	2.5685
1349	1.8367
1350	0.0
1351	1.8165
1352	3.3352
1353	1.6302
1354	0.0
1355	2.5276
1356	2.4434
1357	1.0083
1358	2.3107
1359	1.3242
1360	0.0
1361	0.0
1362	0.0
1363	0.0
1364	1.7916
1365	6.0625
1366	1.6338
1367	0.0
1368	0.0
1369	0.0
1370	1.9538
1371	2.2646
1372	0.0
1373	1.6798
1374	1.1502
1375	0.0
1376	0.0
1377	1.6559
1378	1.4884
1379	0.0
1380	0.0
1381	0.0
1382	0.0
1383	0.0
1384	0.0
1385	0.0
1386	0.0
1387	0.0
1388	0.0
1389	0.0
1390	0.0
1391	0.0
1392	0.0
1393	0.0
1394	0.0
1395	0.0
1396	0.0
1397	0.0
1398	0.0
1399	0.0
1400	0.0
1401	0.0
1402	0.0
1403	1.5675
1404	1.8062
1405	0.0
1406	1.4279
1407	2.0189
1408	1.2454
1409	2.492
1410	0.8637
1411	2.0358
1412	1.7389
1413	0.0
1414	1.3977
1415	2.9494
1416	1.7416
1417	1.6086
1418	2.5737
1419	0.0
1420	3.4
1421	0.0
1422	1.9885
1423	0.0
1424	0.0
1425	1.4231
1426	1.5517
1427	1.1344
1428	2.736
1429	0.0
1430	3.3506
1431	1.3197
1432	3.0694
1433	0.0
1434	1.5481
1435	2.2769
1436	1.9729
1437	2.7701
1438	1.0162
1439	0.0
1440	1.6548
1441	1.8135
1442	1.8938
1443	5.8955
1444	1.0806
1445	3.4191
1446	5.0189
1447	0.0
1448	3.1445
1449	0.0
1450	0.0
1451	2.5212
1452	1.6203
1453	0.0
1454	0.0
1455	0.0
1456	2.475
1457	0.0
1458	0.0
1459	0.0
1460	0.0
1461	0.0
1462	0.0
1463	0.0
1464	1.2431
1465	0.0
1466	0.0
1467	0.0
1468	0.0
1469	0.0
1470	0.0
1471	0.0
1472	0.0
1473	0.0
1474	0.0
1475	0.0
1476	0.0
1477	0.0
1478	0.0
1479	0.0
1480	0.0
1481	0.0
1482	2.9598
1483	1.4156
1484	2.4568
1485	1.5385
1486	2.2345
1487	2.6014
1488	1.2867
1489	2.9145
1490	0.0
1491	2.6914
1492	0.0
1493	0.9405
1494	0.0
1495	0.0
1496	0.8955
1497	2.1358
1498	0.0
1499	0.0
1500	1.2793
1501	0.9469
1502	0.0
1503	1.1902
1504	4.4099
1505	2.6512
1506	0.0
1507	2.4374
1508	3.9085
1509	3.0407
1510	1.8522
1511	0.0
1512	1.1278
1513	1.5695
1514	0.0
1515	0.7727
1516	1.0651
1517	1.8234
1518	0.0
1519	2.2348
1520	0.9776
1521	0.0
1522	0.0
1523	0.0
1524	0.0
1525	1.242
1526	1.0104
1527	1.8583
1528	1.1137
1529	2.1811
1530	0.0
1531	2.0318
1532	1.1713
1533	0.9284
1534	0.0
1535	0.0
1536	0.0
1537	0.0
1538	0.0
1539	0.0
1540	0.0
1541	1.8549
1542	0.0
1543	1.4686
1544	0.0
1545	1.3731
1546	2.6875
1547	3.1628
1548	0.0
1549	0.0
1550	0.0
1551	2.7955
1552	0.0
1553	0.0
1554	0.0
1555	0.0
1556	0.0
1557	0.0
1558	0.0
1559	0.0
1560	0.0
1561	0.0
1562	0.0
1563	0.0
1564	0.0
1565	0.0
1566	0.0
1567	1.3353
1568	1.1262
1569	1.8213
1570	2.571
1571	0.9822
1572	1.8418
1573	2.1761
1574	0.0
1575	1.6162
1576	1.7421
1577	3.9833
1578	0.0
1579	2.5851
1580	2.1936
1581	1.0479
1582	2.1442
1583	1.3663
1584	1.3232
1585	1.695
1586	2.3665
1587	5.4819
1588	1.3335
1589	1.3148
1590	0.0
1591	1.6839
1592	1.9829
1593	2.2745
1594	2.3652
1595	1.5552
1596	3.9338
1597	0.0
1598	1.5449
1599	2.0380000000000003
1600	1.369
1601	1.5223
1602	1.2635
1603	1.6869999999999998
1604	2.3819999999999997
1605	2.1041
1606	1.0085
1607	2.4894
1608	4.2251
1609	0.6983
1610	0.0
1611	1.4655
1612	0.0
1613	0.0
1614	0.0
1615	0.0
1616	0.0
1617	0.0
1618	0.0
1619	0.0
1620	0.0
1621	0.0
1622	0.0
1623	0.0
1624	0.0
1625	0.0
1626	0.0
1627	0.0
1628	0.0
1629	0.0
1630	0.0
1631	0.0
1632	0.0
1633	0.0
1634	0.0
1635	0.0
1636	0.0
1637	0.0
1638	0.0
1639	0.0
1640	0.0
1641	0.0
1642	0.0
1643	0.0
1644	0.0
1645	0.0
1646	0.0
1647	0.0
1648	0.0
1649	0.0
1650	0.0
1651	0.0
1652	0.0
1653	0.0
1654	0.0
1655	0.0
1656	0.0
1657	0.0
1658	0.0
1659	0.0
1660	0.0
1661	0.0
1662	0.0
1663	0.0
1664	0.0
1665	0.0
1666	0.0
1667	0.0
1668	0.0
1669	0.0
1670	0.0
1671	0.0
1672	0.0
1673	0.0
1674	0.0
1675	0.0
1676	0.0
1677	0.0
1678	0.0
1679	0.0
1680	0.0
1681	0.0
1682	0.0
1683	0.0
1684	0.0
1685	0.0
1686	0.0
1687	0.0
1688	0.0
1689	0.0
1690	0.0
1691	0.0
1692	0.0
1693	0.0
1694	0.0
1695	0.0
1696	0.0
1697	0.0
1698	0.0
1699	0.0
1700	0.0
1701	0.0
1702	0.0
1703	0.0
1704	0.0
1705	0.0
1706	0.0
1707	0.0
1708	0.0
1709	0.0
1710	0.0
1711	0.0
1712	0.0
1713	0.0
1714	0.0
1715	1.8379
1716	3.7549
1717	1.2346
1718	1.5288
1719	1.4721
1720	1.2031
1721	3.4904
1722	1.1114
1723	1.3303
1724	1.6862
1725	2.0834
1726	1.3113
1727	2.4116
1728	0.0
1729	1.732
1730	3.1829
1731	3.1917
1732	0.0
1733	2.3857
1734	1.4639
1735	1.6428
1736	1.8090000000000002
1737	3.1509
1738	0.98
1739	1.91
1740	1.8244
1741	2.5501
1742	2.9473
1743	1.4245
1744	1.3432
1745	1.7658
1746	4.4255
1747	1.4996
1748	0.0
1749	0.0
1750	1.3986
1751	1.3942
1752	1.5943
1753	1.5672
1754	0.0
1755	1.5646
1756	1.3604
1757	2.0115
1758	2.0834
1759	0.0
1760	0.0
1761	3.2132
1762	0.0
1763	0.0
1764	0.0
1765	0.0
1766	2.2502
1767	0.0
1768	2.8147
1769	0.0
1770	0.0
1771	0.0
1772	0.0
1773	0.0
1774	0.0
1775	0.0
1776	0.0
1777	0.0
1778	0.0
1779	0.0
1780	0.0
1781	0.0
1782	0.0
1783	0.0
1784	0.0
1785	0.0
1786	0.0
1787	0.0
1788	0.0
1789	0.0
1790	1.726
1791	0.9808
1792	0.0
1793	1.2918
1794	2.0007
1795	1.0641
1796	1.7812
1797	0.0
1798	0.0
1799	2.2392
1800	3.2189
1801	2.1351
1802	2.0424
1803	2.1986
1804	1.5893
1805	1.5001
1806	1.2223
1807	3.3094
1808	1.9544
1809	1.7619999999999998
1810	0.0
1811	2.4183
1812	2.033
1813	0.0
1814	2.0699
1815	1.6416
1816	1.6096
1817	2.3565
1818	0.0
1819	2.0357
1820	0.0
1821	3.5717
1822	0.0
1823	1.2388
1824	0.9555
1825	1.8755
1826	3.2246
1827	2.9891
1828	2.5768
1829	1.7369
1830	0.0
1831	3.2052
1832	0.0
1833	0.0
1834	0.0
1835	1.1968
1836	0.0
1837	1.8391
1838	0.0
1839	0.0
1840	2.8255
1841	0.0
1842	0.0
1843	1.8617
1844	0.0
1845	0.0
1846	1.6396
1847	0.0
1848	0.0
1849	3.6835
1850	0.0
1851	0.0
1852	1.4088
1853	0.0
1854	0.0
1855	0.0
1856	0.0
1857	0.0
1858	0.0
1859	0.0
1860	0.0
1861	0.0
1862	0.0
1863	0.0
1864	0.0
1865	0.0
1866	1.9369999999999998
1867	0.9485
1868	1.4532
1869	2.2788
1870	1.1521
1871	2.3159
1872	3.8416
1873	1.415
1874	2.1429
1875	2.5965
1876	2.1904
1877	1.7907
1878	1.6104
1879	0.0
1880	1.746
1881	1.9614
1882	0.0
1883	0.0
1884	1.4672
1885	0.0
1886	0.0
1887	1.632
1888	1.9679
1889	1.9529
1890	1.5626
1891	2.2411
1892	2.489
1893	1.86
1894	1.2983
1895	2.2674
1896	1.9349
1897	2.0476
1898	2.1293
1899	0.0
1900	0.0
1901	0.0
1902	2.9019999999999997
1903	0.0
1904	0.0
1905	0.0
1906	0.9851
1907	2.2494
1908	0.0
1909	0.0
1910	2.4507
1911	0.0
1912	0.0
1913	0.0
1914	0.0
1915	0.0
1916	0.0
1917	0.0
1918	0.0
1919	0.0
1920	0.0
1921	0.0
1922	0.0
1923	0.0
1924	0.0
1925	0.0
1926	0.0
1927	1.0915
1928	1.3821
1929	0.5535
1930	1.6453
1931	2.3473
1932	2.485
1933	0.8155
1934	0.0
1935	1.579
1936	0.8003
1937	4.9030000000000005
1938	0.0
1939	1.3867
1940	1.4601
1941	2.9021
1942	2.2594
1943	0.0
1944	0.0
1945	1.0809
1946	1.9509999999999998
1947	1.9578
1948	0.8789
1949	0.0
1950	0.0
1951	0.9848
1952	0.0
1953	0.0
1954	1.6931
1955	2.0006
1956	1.1903
1957	0.0
1958	0.0
1959	2.202
1960	1.5714
1961	2.3985
1962	0.0
1963	2.5995
1964	1.4885
1965	2.6255
1966	0.753
1967	0.8988
1968	1.4685
1969	1.87
1970	1.3191
1971	1.6212
1972	2.9965
1973	0.0
1974	1.824
1975	0.0
1976	0.0
1977	0.0
1978	0.0
1979	0.0
1980	0.0
1981	0.0
1982	0.0
1983	1.0325
1984	0.0
1985	1.9104
1986	0.0
1987	0.0
1988	0.0
1989	0.0
1990	0.0
1991	0.0
1992	0.0
1993	0.0
1994	0.0
1995	0.0
1996	0.0
1997	1.4878
1998	0.0
1999	0.0
2000	0.0
2001	0.0
2002	0.0
2003	0.0
2004	0.0
2005	0.0
2006	0.0
2007	0.0
2008	1.4268
2009	0.0
2010	0.0
2011	0.0
2012	0.0
2013	0.0
2014	0.0
2015	0.0
2016	0.0
2017	0.0
2018	1.4094
2019	1.837
2020	1.5615
2021	0.8575
2022	3.8873
2023	1.1937
2024	0.0
2025	1.0655
2026	1.585
2027	0.0
2028	1.7624
2029	0.9797
2030	1.1159
2031	2.7473
2032	0.8527
2033	1.2634
2034	2.9278
2035	1.1747
2036	1.7698
2037	2.1317
2038	0.0
2039	2.5913
2040	2.4235
2041	0.0
2042	0.0
2043	1.7093
2044	1.0934
2045	2.5934
2046	2.495
2047	0.8841
2048	1.9565
2049	1.9899
2050	2.0262
2051	0.0
2052	2.96
2053	3.5443
2054	0.0
2055	0.0
2056	1.2569
2057	2.2869
2058	0.0
2059	2.3063
2060	2.4441
2061	1.6842
2062	1.7975
2063	3.0757
2064	0.0
2065	0.0
2066	2.3148
2067	0.0
2068	0.0
2069	0.0
2070	1.1541
2071	3.1256
2072	1.8574
2073	2.0658
2074	2.9696
2075	1.0885
2076	2.5997
2077	0.0
2078	0.0
2079	0.0
2080	1.4081
2081	2.5817
2082	0.0
2083	2.3885
2084	2.1286
2085	1.7043
2086	0.0
2087	1.0032
2088	1.9451
2089	0.0
2090	0.0
2091	0.0
2092	0.0
2093	1.8034
2094	0.0
2095	1.0167
2096	1.2956
2097	0.0
2098	0.0
2099	0.0
2100	0.0
2101	0.0
2102	0.0
2103	0.0
2104	0.0
2105	0.0
2106	0.0
2107	0.0
2108	0.0
2109	0.0
2110	0.0
2111	0.0
2112	1.5277
2113	1.3716
2114	1.7769
2115	0.9928
2116	2.3898
2117	2.1183
2118	1.4574
2119	1.7499
2120	1.4974
2121	1.9318
2122	1.6569999999999998
2123	3.2466
2124	2.4835
2125	1.7378
2126	0.0
2127	3.0286
2128	1.9212
2129	1.042
2130	0.0
2131	0.0
2132	1.5637
2133	1.4694
2134	0.0
2135	2.1547
2136	2.6310000000000002
2137	0.0
2138	1.6159
2139	0.0
2140	1.8243
2141	1.6579
2142	2.0366
2143	1.808
2144	2.2663
2145	0.8537
2146	0.0
2147	1.147
2148	2.8939
2149	1.3769999999999998
2150	2.5508
2151	0.0
2152	1.6521
2153	2.8022
2154	1.9773
2155	1.1878
2156	2.7087
2157	1.8491
2158	2.6953
2159	1.4934
2160	0.0
2161	2.0009
2162	0.9507
2163	2.0646
2164	0.0
2165	1.2322
2166	0.0
2167	2.6228
2168	0.0
2169	0.0
2170	1.1466
2171	2.4596
2172	2.5357
2173	2.1687
2174	0.0
2175	2.4819
2176	0.0
2177	0.0
2178	0.0
2179	0.0
2180	0.0
2181	2.7579
2182	0.0
2183	0.0
2184	0.0
2185	0.0
2186	0.0
2187	0.0
2188	0.0
2189	0.0
2190	0.0
2191	0.0
2192	0.0
2193	0.0
2194	1.1445
2195	0.0
2196	0.0
2197	0.0
2198	0.0
2199	0.9881
2200	0.0
2201	0.0
2202	0.0
2203	0.0
2204	0.0
2205	0.0
2206	0.0
2207	0.0
2208	0.0
2209	0.0
2210	0.0
2211	0.0
2212	2.3923
2213	2.195
2214	1.5796
2215	1.4237
2216	1.281
2217	1.4115
2218	1.6798
2219	0.0
2220	2.0368
2221	1.3233
2222	2.0535
2223	0.0
2224	0.0
2225	1.2446
2226	0.0
2227	1.5190000000000001
2228	0.0
2229	2.0669999999999997
2230	0.0
2231	2.8361
2232	2.9605
2233	1.5911
2234	0.7882
2235	0.0
2236	2.6635
2237	1.2356
2238	2.4459
2239	1.7271
2240	1.6631
2241	0.0
2242	0.0
2243	0.0
2244	1.7864
2245	0.0
2246	1.0953
2247	1.5429
2248	0.0
2249	1.7743
2250	0.0
2251	1.3766
2252	0.0
2253	2.5802
2254	2.2402
2255	1.8869
2256	1.7476
2257	1.1165
2258	1.5674
2259	2.1428
2260	3.0819
2261	2.9582
2262	0.0
2263	0.0
2264	1.7447
2265	1.9732
2266	1.9636
2267	2.2001
2268	0.0
2269	0.0
2270	3.1628
2271	1.6718
2272	0.0
2273	2.6807
2274	0.0
2275	0.0
2276	1.9559
2277	0.0
2278	0.0
2279	0.0
2280	0.0
2281	0.0
2282	0.0
2283	0.0
2284	0.0
2285	0.0
2286	0.0
2287	0.0
2288	0.0
2289	0.0
2290	5.0826
2291	0.0
2292	1.9453
2293	2.2125
2294	2.793
2295	1.8311
2296	2.0632
2297	1.3503
2298	0.0
2299	1.6924
2300	1.385
2301	1.7778
2302	0.0
2303	1.3201
2304	2.441
2305	1.1625
2306	2.176
2307	1.318
2308	2.4033
2309	2.2212
2310	0.6397
2311	2.5665
2312	3.1837
2313	2.1411
2314	0.0
2315	1.9636
2316	1.7823
2317	2.6168
2318	2.5154
2319	0.0
2320	1.125
2321	1.4413
2322	2.1294
2323	2.0183
2324	0.0
2325	1.2798
2326	1.3974
2327	2.1398
2328	1.8061
2329	2.2326
2330	2.7162
2331	2.4189
2332	2.8481
2333	2.4587
2334	0.0
2335	1.3292
2336	3.1548
2337	1.5386
2338	4.5678
2339	3.6146
2340	2.5428
2341	1.2407
2342	2.9504
2343	2.0317
2344	2.6192
2345	0.0
2346	1.8447
2347	1.6879
2348	2.4341
2349	0.0
2350	1.7003
2351	0.0
2352	2.1965
2353	2.4169
2354	1.6145
2355	2.3821
2356	0.0
2357	1.0799
2358	2.431
2359	0.0
2360	0.0
2361	0.0
2362	2.8263
2363	0.0
2364	1.2431
2365	1.7835
2366	0.0
2367	2.5605
2368	0.0
2369	0.0
2370	0.0
2371	0.0
2372	1.2890000000000001
2373	1.1271
2374	0.0
2375	0.0
2376	0.0
2377	0.0
2378	0.0
2379	0.0
2380	0.0
2381	0.0
2382	0.0
2383	0.0
2384	0.0
2385	2.2492
2386	2.5825
2387	2.5146
2388	2.3676
2389	2.7713
2390	2.0005
2391	1.8454
2392	0.0
2393	1.9427
2394	2.31
2395	0.0
2396	1.7867
2397	0.0
2398	1.7286
2399	0.0
2400	0.0
2401	1.6951
2402	1.4414
2403	1.2574
2404	0.7857
2405	1.8564
2406	0.0
2407	1.1147
2408	1.0514
2409	1.2861
2410	1.784
2411	1.757
2412	0.0
2413	0.0
2414	2.3004
2415	3.1241
2416	1.7117
2417	0.0
2418	0.0
2419	2.9357
2420	2.4648
2421	1.9688
2422	1.3653
2423	1.4701
2424	0.0
2425	0.0
2426	0.9109999999999999
2427	2.4097
2428	1.6084
2429	0.0
2430	0.0
2431	0.0
2432	0.0
2433	2.8784
2434	0.0
2435	0.0
2436	0.0
2437	0.0
2438	0.0
2439	0.0
2440	0.0
2441	1.1095
2442	0.0
2443	0.0
2444	0.0
2445	0.0
2446	0.0
2447	0.0
2448	2.2847
2449	2.1093
2450	3.3493
2451	1.7641
2452	2.1052
2453	3.1472
2454	1.2037
2455	0.0
2456	1.9235
2457	1.7174
2458	1.121
2459	0.0
2460	2.2383
2461	2.7582
2462	1.3983
2463	0.0
2464	0.0
2465	0.0
2466	1.8202
2467	2.2112
2468	1.5257
2469	2.9743
2470	2.7430000000000003
2471	0.0
2472	1.5375
2473	0.0
2474	1.0828
2475	0.0
2476	1.6281
2477	1.6525
2478	2.4889
2479	1.5345
2480	0.0
2481	3.1802
2482	0.0
2483	1.6254
2484	0.0
2485	0.0
2486	1.7542
2487	2.2649
2488	0.0
2489	0.0
2490	0.0
2491	2.1224
2492	0.0
2493	0.0
2494	4.2339
2495	0.0
2496	0.0
2497	0.0
2498	2.4143
2499	3.8038
2500	0.0
2501	1.3871
2502	2.7258
2503	2.5842
2504	0.0
2505	0.0
2506	2.3081
2507	0.0
2508	1.2362
2509	0.0
2510	0.0
2511	0.0
2512	0.0
2513	0.0
2514	0.0
2515	0.0
2516	0.0
2517	0.0
2518	0.0
2519	0.0
2520	0.0
2521	0.0
2522	1.8893
2523	2.2877
2524	0.0
2525	1.9438
2526	1.5647
2527	1.1661
2528	0.8119
2529	1.8072
2530	1.952
2531	1.5083
2532	2.3163
2533	1.1547
2534	2.6757
2535	2.9929
2536	2.3434
2537	1.7625
2538	3.969
2539	1.5763
2540	3.4427
2541	1.2144
2542	1.6707
2543	2.4095
2544	1.5547
2545	0.0
2546	0.0
2547	0.0
2548	0.0
2549	1.8611
2550	2.7051
2551	1.4453
2552	1.0628
2553	2.0706
2554	2.4271
2555	2.8399
2556	2.7496
2557	1.3973
2558	4.6583
2559	1.7616
2560	2.0031
2561	0.0
2562	0.0
2563	0.0
2564	0.0
2565	0.0
2566	0.0
2567	0.0
2568	2.5171
2569	2.039
2570	0.0
2571	0.0
2572	1.1953
2573	2.5017
2574	5.3222
2575	0.0
2576	2.3033
2577	3.2897
2578	0.0
2579	0.0
2580	2.8077
2581	0.0
2582	0.0
2583	0.0
2584	0.0
2585	0.0
2586	1.2452
2587	0.0
2588	0.0
2589	0.0
2590	0.0
2591	0.0
2592	0.0
2593	0.0
2594	0.0
2595	0.0
2596	2.3398
2597	2.0373
2598	1.2733
2599	0.0
2600	2.1214
2601	1.3376
2602	2.2164
2603	1.2217
2604	1.7074
2605	1.7598
2606	1.6821
2607	0.0
2608	1.5091
2609	1.9751
2610	3.3982
2611	1.4567
2612	1.4158
2613	0.0
2614	0.0
2615	0.0
2616	0.0
2617	0.0
2618	2.7172
2619	0.0
2620	1.1999
2621	0.0
2622	3.8182
2623	1.5539
2624	3.4123
2625	1.4634
2626	0.0
2627	2.1395
2628	0.0
2629	0.0
2630	2.3689
2631	4.0607
2632	1.0038
2633	1.7551
2634	3.0086
2635	0.0
2636	1.9665
2637	3.0232
2638	0.0
2639	0.0
2640	1.765
2641	2.6041
2642	0.0
2643	0.7886
2644	0.0
2645	0.0
2646	0.0
2647	1.2917
2648	0.0
2649	0.0
2650	0.0
2651	0.0
2652	0.0
2653	0.0
2654	0.0
2655	0.0
2656	0.0
2657	0.0
2658	0.0
2659	0.0
2660	0.0
2661	0.0
2662	0.0
2663	4.0495
2664	1.5809
2665	0.0
2666	1.3352
2667	0.0
2668	1.9834
2669	2.3581
2670	1.8314
2671	1.2112
2672	2.5431
2673	2.0738
2674	1.2562
2675	1.7306
2676	0.0
2677	0.0
2678	2.4396
2679	1.2447
2680	2.1994
2681	4.6797
2682	1.1571
2683	3.1909
2684	1.0478
2685	2.9205
2686	1.2182
2687	0.0
2688	1.7838
2689	1.6352
2690	1.2356
2691	2.7863
2692	2.1162
2693	3.2274
2694	1.6453
2695	3.0544
2696	0.0
2697	0.0
2698	0.0
2699	1.5735
2700	0.0
2701	0.0
2702	0.0
2703	0.0
2704	0.0
2705	0.0
2706	0.0
2707	1.186
2708	3.0752
2709	0.0
2710	0.0
2711	0.0
2712	0.0
2713	0.0
2714	0.0
2715	1.1699
2716	0.0
2717	0.0
2718	0.0
2719	0.0
2720	0.0
2721	0.0
2722	0.0
2723	0.0
2724	1.9105
2725	2.2775
2726	0.8491
2727	1.6484
2728	0.0
2729	2.16
2730	1.699
2731	1.0689
2732	2.9965
2733	1.1871
2734	2.2964
2735	2.6452
2736	1.0864
2737	0.0
2738	2.7961
2739	2.1927
2740	2.1405
2741	0.0
2742	1.8407
2743	2.9921
2744	3.7926
2745	0.0
2746	2.4202
2747	2.9062
2748	1.7508
2749	4.2325
2750	0.0
2751	1.196
2752	0.0
2753	3.1677
2754	2.432
2755	2.0151
2756	1.7015
2757	3.3038
2758	2.1709
2759	0.0
2760	0.0
2761	1.2990000000000002
2762	1.4413
2763	1.0123
2764	0.0
2765	3.1556
2766	3.5252
2767	1.7194
2768	2.1273
2769	0.0
2770	0.0
2771	2.1948
2772	2.064
2773	0.0
2774	0.0
2775	0.0
2776	1.8901
2777	1.8983
2778	0.0
2779	2.8168
2780	2.2274
2781	1.6192
2782	2.0614
2783	0.0
2784	1.7824
2785	1.6856
2786	2.1358
2787	0.0
2788	2.4672
2789	1.4289
2790	0.0
2791	1.8488
2792	0.0
2793	2.9777
2794	0.0
2795	0.0
2796	0.0
2797	0.0
2798	0.0
2799	0.0
2800	0.0
2801	1.3789
2802	1.2942
2803	0.0
2804	0.0
2805	0.0
2806	0.0
2807	0.0
2808	0.0
2809	0.0
2810	0.0
2811	0.0
2812	1.0051
2813	1.5893
2814	2.2822
2815	1.0224
2816	2.6905
2817	1.3235
2818	1.0985
2819	2.414
2820	2.5242
2821	1.4262
2822	2.2017
2823	1.8038
2824	0.9489
2825	1.0746
2826	1.0148
2827	0.9465
2828	0.0
2829	2.5904
2830	2.3316
2831	2.2697
2832	1.0996
2833	1.7576
2834	2.0617
2835	2.0009
2836	4.0601
2837	2.6973
2838	2.1602
2839	2.1644
2840	0.0
2841	0.0
2842	2.1138
2843	4.2926
2844	1.5705
2845	1.8589
2846	2.487
2847	2.0644
2848	1.8409
2849	3.1645
2850	2.4455
2851	0.0
2852	0.0
2853	1.0584
2854	1.4377
2855	2.5759
2856	2.9838
2857	2.3896
2858	3.043
2859	3.17
2860	0.0
2861	2.5464
2862	2.5453
2863	0.0
2864	0.0
2865	0.0
2866	2.7469
2867	2.2430000000000003
2868	3.0876
2869	2.855
2870	2.1897
2871	0.0
2872	0.0
2873	1.6994
2874	0.0
2875	0.0
2876	0.0
2877	0.0
2878	1.8053
2879	0.0
2880	0.0
2881	0.0
2882	0.0
2883	2.3117
2884	0.0
2885	0.0
2886	0.0
2887	0.0
2888	0.0
2889	0.0
2890	0.0
2891	0.0
2892	0.0
2893	2.2109
2894	1.5844
2895	1.7002
2896	1.5548
2897	4.4533
2898	1.1535
2899	2.0352
2900	1.9966
2901	3.3644
2902	3.4369
2903	0.0
2904	3.8724
2905	1.3512
2906	1.3385
2907	1.5375
2908	1.6852
2909	2.9377
2910	1.3032
2911	1.2787
2912	1.4581
2913	0.9873
2914	1.5065
2915	1.5753
2916	0.0
2917	1.6295
2918	0.0
2919	0.0
2920	0.0
2921	0.0
2922	2.7036
2923	1.5542
2924	2.778
2925	2.3707
2926	1.0766
2927	0.0
2928	2.6194
2929	2.8836
2930	1.0919
2931	0.0
2932	0.0
2933	2.136
2934	1.7262
2935	0.0
2936	0.0
2937	0.0
2938	1.9199
2939	1.4409
2940	2.0744
2941	2.0832
2942	1.2181
2943	1.3912
2944	0.0
2945	1.7058
2946	1.9468
2947	2.3867
2948	1.9312
2949	0.0
2950	0.0
2951	0.0
2952	2.8356
2953	0.0
2954	0.0
2955	3.6337
2956	1.9798
2957	2.1398
2958	2.0592
2959	0.0
2960	0.0
2961	0.0
2962	0.0
2963	0.0
2964	0.0
2965	0.0
2966	0.0
2967	0.0
2968	1.0159
2969	1.9616
2970	0.0
2971	0.0
2972	0.0
2973	0.0
2974	0.0
2975	0.0
2976	0.0
2977	0.0
2978	0.0
2979	0.0
2980	0.0
2981	0.0
2982	1.6461
2983	2.5212
2984	1.5119
2985	2.8986
2986	3.2509
2987	1.6971
2988	1.7109999999999999
2989	1.4721
2990	1.6013
2991	0.0
2992	0.0
2993	0.8424
2994	1.2989
2995	0.0
2996	0.0
2997	1.8094
2998	1.1375
2999	1.0855
3000	3.0049
3001	0.0
3002	1.3621
3003	2.0663
3004	0.0
3005	1.7155
3006	0.8313
3007	0.0
3008	0.8222
3009	1.3967
3010	1.0438
3011	1.9296
3012	2.1968
3013	1.1747
3014	1.5201
3015	1.714
3016	1.9821
3017	6.4336
3018	0.0
3019	0.0
3020	1.9685
3021	3.0689
3022	2.4203
3023	1.1661
3024	0.0
3025	2.0827
3026	0.0
3027	1.181
3028	1.3129
3029	0.0
3030	0.8877
3031	0.0
3032	3.2426
3033	4.2502
3034	2.0985
3035	0.0
3036	1.4224
3037	2.2301
3038	1.6148
3039	1.8912
3040	0.0
3041	1.2494
3042	2.6708
3043	1.264
3044	0.0
3045	0.0
3046	1.1236
3047	2.5245
3048	2.0858
3049	0.0
3050	2.2052
3051	0.0
3052	2.0903
3053	0.0
3054	1.3366
3055	3.0774
3056	1.2748
3057	2.1382
3058	0.0
3059	0.0
3060	1.9711
3061	2.9816
3062	2.3867
3063	2.0819
3064	1.6854
3065	2.1587
3066	2.3925
3067	0.0
3068	0.0
3069	0.0
3070	0.0
3071	0.0
3072	2.0473
3073	0.0
3074	0.0
3075	0.0
3076	0.0
3077	0.0
3078	0.0
3079	0.0
3080	0.0
3081	1.2089
3082	0.0
3083	0.0
3084	1.2752
3085	2.9755
3086	6.3858
3087	2.4175
3088	1.5476
3089	1.6382
3090	1.1848
3091	1.6284
3092	0.7258
3093	1.2567
3094	2.0146
3095	0.0
3096	0.0
3097	0.8795
3098	0.9491
3099	1.4993
3100	0.0
3101	2.0588
3102	0.0
3103	2.7622
3104	1.1331
3105	1.9568
3106	2.4626
3107	1.3094
3108	2.3171
3109	2.1464
3110	0.0
3111	2.4534
3112	0.0
3113	4.2405
3114	3.5159
3115	0.0
3116	1.0045
3117	1.1644
3118	3.3631
3119	0.0
3120	2.8897
3121	0.9742
3122	0.0
3123	3.9417
3124	0.0
3125	3.0184
3126	2.6069
3127	0.0
3128	0.0
3129	2.8986
3130	0.0
3131	0.0
3132	0.0
3133	0.0
3134	0.0
3135	0.0
3136	0.0
3137	0.0
3138	0.0
3139	0.0
3140	0.0
3141	0.0
3142	0.0
3143	2.3621
3144	0.0
3145	0.0
3146	0.0
3147	0.0
3148	0.0
3149	0.0
3150	0.0
3151	0.0
3152	0.0
3153	1.1298
3154	1.6459
3155	1.5288
3156	0.0
3157	0.0
3158	2.1188
3159	3.0384
3160	1.3514
3161	1.9784
3162	2.6635
3163	1.2854
3164	1.25
3165	1.026
3166	1.6503
3167	2.2893
3168	1.7017
3169	1.5377
3170	1.2379
3171	0.0
3172	2.5712
3173	2.4478
3174	2.3725
3175	0.0
3176	1.5815
3177	1.964
3178	2.8452
3179	1.893
3180	1.3659999999999999
3181	0.0
3182	0.0
3183	1.9207
3184	0.0
3185	1.0498
3186	0.0
3187	0.0
3188	0.0
3189	0.0
3190	1.6924
3191	1.8402
3192	1.1852
3193	1.7679
3194	1.2735
3195	2.8358
3196	2.4336
3197	0.0
3198	0.0
3199	2.0593
3200	0.9818
3201	1.8493
3202	0.0
3203	2.7807
3204	2.9901
3205	1.569
3206	2.9546
3207	4.1211
3208	1.6234
3209	0.0
3210	0.0
3211	0.0
3212	0.0
3213	2.5036
3214	0.0
3215	0.0
3216	0.0
3217	0.0
3218	1.8267
3219	2.9547
3220	0.0
3221	0.0
3222	0.0
3223	0.0
3224	0.0
3225	2.6877
3226	0.0
3227	0.0
3228	0.0
3229	0.0
3230	0.0
3231	1.0504
3232	0.0
3233	0.0
3234	0.0
3235	0.0
3236	0.0
3237	0.0
3238	0.0
3239	0.0
3240	0.0
3241	3.4902
3242	0.7025
3243	2.222
3244	0.0
3245	2.6699
3246	1.2857
3247	2.6052
3248	0.8893
3249	1.5394
3250	2.4693
3251	0.0
3252	0.0
3253	2.4178
3254	2.0058
3255	1.6149
3256	3.7328
3257	1.1719
3258	2.5079
3259	1.3094
3260	3.5287
3261	0.0
3262	0.0
3263	2.0971
3264	1.5067
3265	3.5187
3266	1.5871
3267	5.2611
3268	2.5315
3269	2.4012
3270	1.7483
3271	2.461
3272	1.9683
3273	0.0
3274	0.0
3275	0.0
3276	1.4039
3277	0.0
3278	2.1105
3279	1.0867
3280	0.0
3281	0.0
3282	2.3889
3283	2.4179
3284	1.2323
3285	0.0
3286	1.3548
3287	2.3591
3288	0.8178
3289	3.6801
3290	0.0
3291	2.2263
3292	1.8513
3293	2.2403
3294	2.1861
3295	0.0
3296	2.5207
3297	3.4853
3298	0.9251
3299	1.1228
3300	2.1278
3301	0.0
3302	0.0
3303	0.7265
3304	0.0
3305	1.93
3306	1.6934
3307	1.0045
3308	0.0
3309	0.0
3310	0.0
3311	0.0
3312	1.5909
3313	0.0
3314	0.0
3315	0.0
3316	0.0
3317	1.1906
3318	0.0
3319	0.0
3320	0.0
3321	0.0
3322	0.0
3323	0.0
3324	0.0
3325	0.0
3326	0.0
3327	0.0
3328	0.0
3329	1.5221
3330	2.2852
3331	0.0
3332	1.9962
3333	0.0
3334	2.6798
3335	1.9099
3336	1.2017
3337	1.6124
3338	0.0
3339	2.1352
3340	4.6823
3341	0.846
3342	8.4195
3343	0.8471
3344	0.7948
3345	1.6454
3346	2.7051
3347	1.7828
3348	1.629
3349	2.4476
3350	0.0
3351	1.3005
3352	1.604
3353	2.2842
3354	2.4599
3355	0.7233
3356	0.0
3357	2.0780000000000003
3358	0.8479
3359	1.1326
3360	1.5651
3361	0.0
3362	4.3801
3363	0.0
3364	1.2076
3365	1.6219
3366	0.9625
3367	2.2373
3368	4.8336
3369	2.3404
3370	2.1158
3371	4.2378
3372	1.7213
3373	2.0305
3374	0.0
3375	0.0
3376	0.741
3377	0.0
3378	1.5715
3379	2.0618
3380	0.0
3381	2.4595
3382	0.0
3383	0.0
3384	0.0
3385	0.0
3386	0.0
3387	2.3280000000000003
3388	1.6523
3389	0.0
3390	0.0
3391	0.0
3392	0.0
3393	0.0
3394	0.0
3395	1.4626
3396	1.7989
3397	0.0
3398	0.0
3399	2.1734
3400	0.0
3401	0.0
3402	2.2163
3403	2.3373
3404	0.0
3405	0.0
3406	0.0
3407	0.0
3408	0.0
3409	0.0
3410	0.0
3411	1.494
3412	0.9175
3413	0.0
3414	3.0161
3415	1.7222
3416	2.0916
3417	1.5533
3418	2.4026
3419	0.0
3420	2.8709
3421	0.9739
3422	1.1212
3423	0.0
3424	2.2192
3425	2.5169
3426	2.6711
3427	0.0
3428	3.4722
3429	2.8376
3430	1.9580000000000002
3431	2.3209
3432	0.0
3433	1.5862
3434	1.3565
3435	0.0
3436	4.0989
3437	0.0
3438	0.0
3439	0.0
3440	1.0091
3441	2.4177
3442	1.4992
3443	2.4037
3444	0.0
3445	0.0
3446	2.0734
3447	1.1769
3448	0.0
3449	0.0
3450	0.0
3451	1.284
3452	0.0
3453	2.3822
3454	0.0
3455	3.3809
3456	0.0
3457	0.0
3458	0.0
3459	2.6681
3460	0.0
3461	0.0
3462	0.0
3463	0.0
3464	2.5288
3465	0.0
3466	0.0
3467	0.0
3468	0.0
3469	0.0
3470	0.0
3471	0.0
3472	0.0
3473	0.0
3474	2.3539
3475	0.0
3476	0.0
3477	2.2685
3478	0.0
3479	0.0
3480	0.0
3481	0.0
3482	0.0
3483	2.3559
3484	2.1212
3485	3.0289
3486	0.9613
3487	1.1568
3488	1.5513
3489	2.2647
3490	0.982
3491	1.7935
3492	2.244
3493	0.0
3494	0.0
3495	2.5203
3496	3.1033
3497	2.1387
3498	0.8882
3499	2.7328
3500	1.4028
3501	0.7745
3502	2.5774
3503	2.5347
3504	0.0
3505	1.6529
3506	3.6218
3507	1.0878
3508	3.0688
3509	1.4993
3510	2.2748
3511	1.6069
3512	3.1789
3513	3.7038
3514	1.3493
3515	2.9449
3516	2.0015
3517	2.7744
3518	4.9031
3519	0.0
3520	0.9227
3521	2.803
3522	1.8369
3523	0.0
3524	1.3512
3525	0.0
3526	0.0
3527	2.4982
3528	2.1561
3529	0.0
3530	2.765
3531	2.4242
3532	0.0
3533	2.4777
3534	0.0
3535	2.7298
3536	0.0
3537	2.0937
3538	0.0
3539	0.0
3540	0.0
3541	0.0
3542	0.0
3543	0.0
3544	0.0
3545	0.0
3546	0.0
3547	0.0
3548	0.0
3549	0.0
3550	0.0
3551	0.0
3552	0.0
3553	0.8058
3554	2.8448
3555	0.0
3556	0.0
3557	0.0
3558	0.0
3559	0.0
3560	0.0
3561	0.0
3562	0.0
3563	0.0
3564	0.0
3565	0.0
3566	0.0
3567	0.0
3568	1.4275
3569	3.0077
3570	1.6767
3571	5.7456
3572	1.4924
3573	1.4397
3574	1.0391
3575	1.1967
3576	1.7736
3577	0.0
3578	2.0069
3579	2.1598
3580	0.0
3581	1.4503
3582	2.6399
3583	2.445
3584	2.1096
3585	1.2912
3586	0.9053
3587	3.0877
3588	1.4999
3589	0.0
3590	0.0
3591	0.0
3592	2.3263
3593	3.7769999999999997
3594	1.6130000000000002
3595	2.56
3596	1.2653
3597	2.89
3598	0.0
3599	2.543
3600	1.2164
3601	0.0
3602	1.2729
3603	1.4816
3604	0.0
3605	1.8623
3606	2.4976
3607	0.0
3608	0.9826
3609	1.3382
3610	0.0
3611	0.0
3612	0.0
3613	1.273
3614	0.0
3615	2.3776
3616	3.5961
3617	5.6386
3618	0.8606
3619	1.3398
3620	2.5251
3621	0.0
3622	1.0023
3623	0.9648
3624	0.0
3625	0.0
3626	0.0
3627	2.0533
3628	2.097
3629	0.0
3630	0.0
3631	0.0
3632	0.0
3633	0.0
3634	0.0
3635	0.0
3636	0.0
3637	0.0
3638	1.3811
3639	0.0
3640	0.0
3641	0.0
3642	2.2491
3643	0.0
3644	2.7444
3645	0.0
3646	0.0
3647	1.5071
3648	1.8757
3649	0.0
3650	0.9616
3651	1.4172
3652	3.0428
3653	1.4419
3654	3.2154
3655	1.5298
3656	0.6623
3657	0.8717
3658	1.1348
3659	1.4245
3660	2.1364
3661	1.7932
3662	2.0655
3663	1.8676
3664	2.6026
3665	2.105
3666	1.5711
3667	1.2331
3668	0.0
3669	0.0
3670	2.1205
3671	1.3217
3672	4.4222
3673	1.2052
3674	2.2021
3675	1.0621
3676	2.1541
3677	1.4615
3678	2.219
3679	0.6987
3680	1.2085
3681	1.0501
3682	1.4658
3683	0.0
3684	1.5661
3685	2.8956
3686	0.8389
3687	2.0841
3688	0.9647
3689	0.0
3690	0.7737
3691	0.0
3692	2.1127
3693	1.7363
3694	1.0627
3695	3.1005
3696	0.0
3697	2.7343
3698	1.5765
3699	1.4806
3700	1.9392
3701	1.8466
3702	2.124
3703	2.2375
3704	1.7099
3705	0.0
3706	0.0
3707	1.7586
3708	0.0
3709	1.636
3710	2.0075
3711	0.0
3712	2.4827
3713	2.299
3714	1.6065
3715	2.9161
3716	0.0
3717	0.0
3718	0.0
3719	2.2818
3720	0.0
3721	0.0
3722	0.0
3723	3.9809
3724	0.0
3725	0.0
3726	0.0
3727	0.0
3728	0.0
3729	0.0
3730	0.0
3731	0.0
3732	0.0
3733	0.0
3734	0.0
3735	0.0
3736	0.0
3737	1.8071
3738	1.1833
3739	0.0
3740	0.0
3741	2.7429
3742	1.0348
3743	4.4424
3744	0.0
3745	1.9983
3746	0.0
3747	1.8592
3748	2.5878
3749	1.7504
3750	2.3662
3751	5.1775
3752	2.1919999999999997
3753	1.9926
3754	3.2243
3755	1.3158
3756	2.9817
3757	1.4169999999999998
3758	1.3961
3759	1.4811
3760	2.4224
3761	1.3681
3762	1.8487
3763	1.797
3764	0.0
3765	0.0
3766	2.2049
3767	1.0722
3768	0.0
3769	2.2443
3770	1.2687
3771	1.8530000000000002
3772	1.6380000000000001
3773	1.016
3774	0.0
3775	1.2825
3776	0.0
3777	2.1991
3778	1.7429
3779	3.0706
3780	2.9724
3781	1.2046
3782	2.9213
3783	1.1592
3784	1.4139
3785	2.8507
3786	1.3879
3787	0.0
3788	0.0
3789	2.7078
3790	0.0
3791	2.0414
3792	4.0355
3793	0.0
3794	3.6168
3795	0.0
3796	0.0
3797	2.6979
3798	1.1313
3799	2.7433
3800	2.4011
3801	2.2182
3802	0.0
3803	1.2993
3804	1.3493
3805	2.0585
3806	1.7225
3807	2.9963
3808	1.9249
3809	1.8589
3810	1.5751
3811	0.0
3812	1.4972
3813	0.0
3814	0.0
3815	0.0
3816	0.0
3817	1.5399
3818	0.0
3819	0.0
3820	1.058
3821	0.0
3822	0.0
3823	0.0
3824	2.5381
3825	0.0
3826	2.668
3827	1.0459
3828	0.0
3829	0.0
3830	0.0
3831	0.0
3832	1.9761
3833	0.0
3834	0.0
3835	0.0
3836	0.0
3837	0.8905
3838	0.0
3839	0.0
3840	2.8569
3841	0.0
3842	2.4877
3843	0.0
3844	2.6755
3845	2.9913
3846	1.3017
3847	0.0
3848	0.8436
3849	1.6459
3850	0.0
3851	0.0
3852	1.5373
3853	1.7365
3854	4.074
3855	2.1168
3856	0.0
3857	0.0
3858	2.5180000000000002
3859	1.5656
3860	2.2348
3861	1.636
3862	3.6777
3863	1.2783
3864	1.5076
3865	4.3483
3866	2.3912
3867	2.7053
3868	1.1646
3869	1.4242
3870	0.0
3871	1.7341
3872	0.0
3873	1.2945
3874	0.0
3875	0.0
3876	0.0
3877	0.0
3878	1.0602
3879	2.5084
3880	0.0
3881	1.2282
3882	0.0
3883	2.5422
3884	2.3173
3885	0.0
3886	0.0
3887	0.0
3888	0.0
3889	0.0
3890	0.0
3891	0.0
3892	0.0
3893	0.0
3894	0.0
3895	0.0
3896	0.0
3897	0.0
3898	0.0
3899	0.0
3900	0.0
3901	0.0
3902	0.0
3903	0.0
3904	2.7424
3905	3.1361
3906	2.2159
3907	1.9876
3908	0.0
3909	1.1524
3910	1.7804
3911	2.0883
3912	1.8807
3913	2.7434
3914	1.8427
3915	0.0
3916	1.0773
3917	2.7053
3918	0.0
3919	1.5106
3920	1.8330000000000002
3921	0.0
3922	2.0584
3923	1.3716
3924	1.157
3925	0.0
3926	0.0
3927	1.8672
3928	0.0
3929	1.3619
3930	1.3404
3931	3.2085
3932	1.2477
3933	0.0
3934	1.7065
3935	1.9205
3936	2.3932
3937	0.0
3938	0.9104
3939	0.0
3940	2.4629
3941	3.4237
3942	2.7082
3943	1.9628
3944	0.0
3945	2.0799
3946	1.3173
3947	1.1799
3948	2.4321
3949	0.0
3950	0.0
3951	0.0
3952	3.1943
3953	2.1146
3954	0.0
3955	0.0
3956	2.5519
3957	3.4706
3958	2.2583
3959	1.632
3960	2.3722
3961	0.0
3962	0.0
3963	0.0
3964	0.0
3965	0.0
3966	0.0
3967	0.0
3968	0.0
3969	1.6383
3970	0.0
3971	0.0
3972	0.0
3973	0.0
3974	0.0
3975	0.0
3976	0.0
3977	0.0
3978	0.0
3979	1.9787
3980	2.9322
3981	1.1955
3982	2.424
3983	2.4805
3984	2.0336
3985	3.07
3986	0.8379
3987	3.5197
3988	2.5069
3989	0.0
3990	1.925
3991	2.3844
3992	0.7348
3993	1.5538
3994	1.7532
3995	1.3977
3996	0.0
3997	0.0
3998	3.6431
3999	2.6659
4000	1.3031
4001	0.0
4002	0.0
4003	0.9892
4004	1.8229
4005	0.0
4006	2.168
4007	1.2272
4008	0.0
4009	1.0592
4010	1.8406
4011	2.6666
4012	1.2705
4013	3.1062
4014	1.3412
4015	1.9606
4016	2.821
4017	2.1688
4018	0.0
4019	2.2699
4020	2.6708
4021	1.5896
4022	1.2515
4023	0.0
4024	1.8938
4025	0.0
4026	3.5112
4027	2.2993
4028	0.0
4029	0.0
4030	0.0
4031	2.8055
4032	0.0
4033	0.0
4034	0.0
4035	2.1921
4036	1.5375
4037	0.0
4038	0.0
4039	0.0
4040	0.0
4041	0.0
4042	0.0
4043	0.0
4044	0.0
4045	0.0
4046	0.0
4047	0.0
4048	0.0
4049	0.0
4050	0.0
4051	0.0
4052	0.0
4053	0.0
4054	1.9453
4055	1.5108
4056	0.0
4057	2.6276
4058	2.2689
4059	1.2203
4060	2.0528
4061	2.6682
4062	2.7697
4063	1.9018
4064	0.0
4065	1.4526
4066	1.5118
4067	1.7409
4068	1.1823
4069	1.3219
4070	0.0
4071	0.0
4072	1.7714
4073	2.7246
4074	1.7847
4075	3.0702
4076	0.0
4077	1.061
4078	1.2135
4079	1.7303
4080	0.0
4081	0.0
4082	0.98
4083	8.4902
4084	1.3546
4085	1.3133
4086	4.0065
4087	1.3333
4088	2.0257
4089	0.0
4090	0.7909
4091	0.0
4092	2.6034
4093	2.8956
4094	0.0
4095	0.0
4096	2.0303
4097	0.0
4098	1.6719
4099	1.8806
4100	0.0
4101	3.225
4102	1.3531
4103	1.1785
4104	1.4587
4105	0.0
4106	0.0
4107	2.1416
4108	2.1194
4109	1.7834
4110	0.0
4111	2.2791
4112	0.0
4113	2.8184
4114	0.6271
4115	1.7171
4116	0.0
4117	2.0102
4118	0.0
4119	0.0
4120	0.0
4121	0.0
4122	0.0
4123	0.0
4124	0.0
4125	0.0
4126	0.0
4127	0.0
4128	0.0
4129	0.0
4130	0.0
4131	0.0
4132	0.0
4133	0.0
4134	0.0
4135	0.0
4136	0.0
4137	0.0
4138	2.8764
4139	2.0724
4140	1.4373
4141	2.2272
4142	1.8905
4143	0.0
4144	1.6995
4145	0.9833
4146	0.0
4147	1.1044
4148	5.3416
4149	3.4838
4150	0.0
4151	1.1611
4152	1.8532
4153	2.0735
4154	0.0
4155	2.1979
4156	5.1846
4157	1.3297
4158	0.0
4159	3.1697
4160	0.0
4161	2.5038
4162	1.7385
4163	2.8489
4164	2.5508
4165	0.0
4166	0.0
4167	1.6475
4168	1.6579
4169	1.7047
4170	2.4958
4171	2.2938
4172	2.73
4173	0.0
4174	2.14
4175	1.4552
4176	1.9805
4177	2.7845
4178	2.3117
4179	0.0
4180	0.0
4181	3.2239999999999998
4182	1.1901
4183	2.5605
4184	0.0
4185	2.6108
4186	2.4218
4187	2.2013
4188	2.227
4189	0.0
4190	0.0
4191	2.2616
4192	0.0
4193	0.0
4194	0.0
4195	0.0
4196	0.0
4197	0.0
4198	0.0
4199	0.0
4200	0.0
4201	0.0
4202	0.0
4203	0.0
4204	0.0
4205	0.0
4206	0.0
4207	0.0
4208	0.0
4209	0.0
4210	1.8794
4211	3.1202
4212	2.0035
4213	0.0
4214	0.0
4215	0.0
4216	2.6057
4217	1.4818
4218	1.9872
4219	1.3115
4220	1.4242
4221	2.2979
4222	1.0544
4223	0.0
4224	1.9480000000000002
4225	1.8674
4226	0.9045
4227	1.9874
4228	1.0590000000000002
4229	2.3519
4230	2.3186
4231	1.7813
4232	1.8439
4233	2.5536
4234	2.2993
4235	0.8881
4236	0.9023
4237	0.0
4238	1.0798
4239	4.3205
4240	2.9918
4241	2.0435
4242	1.0193
4243	1.103
4244	0.0
4245	0.0
4246	2.4744
4247	0.0
4248	2.2205
4249	0.9928
4250	0.0
4251	0.0
4252	2.85
4253	3.4939999999999998
4254	2.8065
4255	0.0
4256	0.0
4257	1.2899
4258	0.0
4259	0.9923
4260	0.0
4261	2.0531
4262	0.0
4263	0.0
4264	2.0769
4265	2.8167
4266	0.8733
4267	0.0
4268	0.0
4269	0.0
4270	1.2823
4271	0.0
4272	0.0
4273	0.0
4274	0.0
4275	0.0
4276	0.0
4277	0.0
4278	0.0
4279	0.0
4280	0.0
4281	0.0
4282	0.0
4283	0.0
4284	0.0
4285	0.0
4286	0.0
4287	0.0
4288	0.0
4289	0.0
4290	0.0
4291	0.0
4292	0.0
4293	1.4528
4294	1.3183
4295	1.6501
4296	0.0
4297	0.0
4298	0.9702
4299	1.8295
4300	0.0
4301	1.6798
4302	1.5216
4303	1.5725
4304	1.2808
4305	2.4177
4306	2.0764
4307	2.2819
4308	2.2426
4309	2.2916
4310	3.9539999999999997
4311	1.5941
4312	2.4614
4313	1.4169999999999998
4314	2.1157
4315	2.5688
4316	1.0801
4317	3.5084
4318	1.386
4319	1.8275
4320	1.3001
4321	0.0
4322	1.6832
4323	2.9585
4324	1.7986
4325	1.4086
4326	0.0
4327	2.6056
4328	0.0
4329	1.2844
4330	0.0
4331	1.3844
4332	1.7493
4333	1.8628
4334	1.0764
4335	0.0
4336	2.0897
4337	2.6333
4338	0.0
4339	2.6866
4340	2.4128
4341	1.3027
4342	2.9505
4343	0.0
4344	0.0
4345	0.0
4346	2.3709
4347	0.0
4348	0.0
4349	0.0
4350	1.9791
4351	1.8314
4352	3.264
4353	1.1392
4354	1.6014
4355	1.7543
4356	2.9188
4357	1.0002
4358	2.725
4359	1.5583
4360	1.0489
4361	0.0
4362	0.0
4363	2.3532
4364	0.0
4365	0.0
4366	3.9608
4367	0.0
4368	0.0
4369	2.3584
4370	4.1852
4371	1.4247
4372	0.0
4373	0.0
4374	2.1078
4375	0.0
4376	2.2583
4377	0.0
4378	0.0
4379	4.5914
4380	1.3119999999999998
4381	0.0
4382	0.0
4383	0.0
4384	0.0
4385	0.0
4386	0.0
4387	0.0
4388	0.0
4389	0.0
4390	0.0
4391	0.0
4392	0.0
4393	0.0
4394	0.0
4395	0.0
4396	0.0
4397	0.0
4398	0.0
4399	0.0
4400	1.9304
4401	1.6824
4402	1.3307
4403	0.0
4404	2.8655
4405	1.9608
4406	0.93
4407	2.1704
4408	2.0243
4409	1.4263
4410	2.4884
4411	0.0
4412	1.3391
4413	2.0111
4414	2.8080000000000003
4415	1.1595
4416	2.7015
4417	1.9515
4418	0.0
4419	6.7727
4420	2.0208
4421	0.0
4422	0.9406
4423	1.6117
4424	0.7892
4425	1.8468
4426	0.0
4427	1.4185
4428	3.0176
4429	0.0
4430	3.9455
4431	2.1251
4432	1.9415
4433	0.0
4434	0.8509
4435	0.8857
4436	1.6199
4437	1.6408
4438	0.9023
4439	0.8133
4440	3.8851
4441	3.1276
4442	0.0
4443	2.7237
4444	0.0
4445	2.0329
4446	0.0
4447	2.7148
4448	2.5289
4449	1.5779
4450	3.2114
4451	2.0151
4452	2.9719
4453	2.8784
4454	2.5949
4455	0.0
4456	1.4052
4457	1.5037
4458	0.0
4459	0.0
4460	0.0
4461	0.0
4462	0.0
4463	2.2880000000000003
4464	3.0164
4465	2.3267
4466	2.5625
4467	0.0
4468	1.4319
4469	0.0
4470	0.0
4471	0.0
4472	1.5721
4473	0.0
4474	0.0
4475	0.0
4476	0.0
4477	0.0
4478	0.0
4479	0.0
4480	0.0
4481	0.0
4482	0.0
4483	0.0
4484	0.0
4485	0.0
4486	0.0
4487	0.0
4488	0.0
4489	1.7744
4490	0.0
4491	0.0
4492	2.6198
4493	3.2121
4494	1.2505
4495	1.97
4496	1.0662
4497	1.9027
4498	1.1834
4499	0.9252
4500	0.0
4501	2.5073
4502	1.6664
4503	1.0913
4504	2.384
4505	0.0
4506	2.6357
4507	3.1085
4508	0.0
4509	2.4402
4510	2.9253
4511	0.0
4512	3.1006
4513	0.0
4514	2.8014
4515	2.4563
4516	1.4777
4517	2.6887
4518	1.6886
4519	1.5649
4520	2.0406
4521	3.22
4522	2.0946
4523	0.0
4524	0.0
4525	1.0917
4526	1.2269
4527	1.3076
4528	1.0866
4529	0.0
4530	1.4069999999999998
4531	1.7713
4532	2.3056
4533	5.1404
4534	2.4767
4535	3.6957
4536	0.0
4537	0.0
4538	0.0
4539	0.0
4540	1.2917
4541	1.1257
4542	0.0
4543	0.0
4544	2.4384
4545	1.6986
4546	0.0
4547	4.872
4548	2.1986
4549	3.6899
4550	0.5275
4551	1.9551
4552	1.6169
4553	1.5033
4554	2.7908
4555	4.8694
4556	0.0
4557	0.7128
4558	0.0
4559	1.6556
4560	1.3646
4561	1.4614
4562	1.8489
4563	1.1382
4564	1.3876
4565	0.0
4566	1.6758
4567	1.3333
4568	1.6364
4569	0.0
4570	1.5533
4571	2.0624
4572	0.0
4573	2.3102
4574	0.0
4575	0.0
4576	0.0
4577	1.8161
4578	0.0
4579	0.0
4580	0.0
4581	0.0
4582	1.5535
4583	1.0689
4584	0.0
4585	0.0
4586	0.0
4587	1.4367
4588	0.0
4589	0.0
4590	0.0
4591	0.0
4592	1.4161
4593	0.9325
4594	2.9581
4595	0.0
4596	2.9219999999999997
4597	1.4794
4598	1.1663
4599	0.9524
4600	1.9602
4601	2.0723
4602	0.0
4603	1.0823
4604	1.0503
4605	1.1764
4606	3.1306
4607	1.2222
4608	0.7608
4609	1.1986
4610	0.8566
4611	0.0
4612	1.4139
4613	2.4148
4614	2.5007
4615	0.0
4616	0.0
4617	0.0
4618	3.094
4619	1.0734
4620	2.5968
4621	1.0614
4622	2.2361
4623	1.4526
4624	2.5668
4625	2.4
4626	0.0
4627	0.0
4628	2.1007
4629	0.0
4630	2.2187
4631	2.1753
4632	2.7727
4633	6.1228
4634	1.626
4635	0.0
4636	1.6312
4637	0.0
4638	0.0
4639	2.9995
4640	0.0
4641	1.5416
4642	1.6353
4643	1.8619
4644	1.7476
4645	2.2569
4646	1.9176
4647	0.0
4648	0.0
4649	0.0
4650	0.0
4651	0.0
4652	0.0
4653	0.0
4654	0.0
4655	0.0
4656	1.8743
4657	0.0
4658	0.0
4659	0.0
4660	0.0
4661	0.0
4662	0.0
4663	1.3736
4664	2.0646
4665	2.9323
4666	1.7753
4667	0.0
4668	1.5907
4669	1.113
4670	0.0
4671	2.1758
4672	2.3338
4673	1.008
4674	1.0499
4675	2.4055
4676	0.0
4677	1.3696
4678	2.975
4679	0.9461
4680	0.0
4681	0.0
4682	0.0
4683	1.6545
4684	0.0
4685	1.6973
4686	0.0
4687	5.6245
4688	1.5144
4689	2.4029
4690	2.0676
4691	0.0
4692	1.3143
4693	1.4295
4694	1.1186
4695	0.0
4696	1.6252
4697	2.6077
4698	4.6494
4699	0.0
4700	2.3568
4701	0.0
4702	2.48
4703	2.0785
4704	2.3369
4705	1.3019999999999998
4706	4.0559
4707	1.9252
4708	0.0
4709	1.2226
4710	1.6193
4711	0.0
4712	2.6196
4713	1.054
4714	0.0
4715	0.0
4716	0.0
4717	0.0
4718	0.0
4719	0.0
4720	0.0
4721	0.0
4722	0.0
4723	0.0
4724	0.0
4725	2.9354
4726	0.0
4727	0.0
4728	0.0
4729	0.0
4730	0.0
4731	1.9469
4732	0.0
4733	2.6708
4734	2.2244
4735	2.8034
4736	1.4839
4737	1.186
4738	3.7945
4739	0.0
4740	1.6919
4741	1.3798
4742	0.9437
4743	2.7968
4744	2.2222
4745	2.9516
4746	2.2126
4747	1.6824
4748	1.869
4749	2.1401
4750	4.7564
4751	1.3315
4752	4.3667
4753	1.0858
4754	1.9571
4755	1.1623
4756	2.1267
4757	1.6965
4758	0.9021
4759	2.1975
4760	2.4395
4761	0.0
4762	1.9886
4763	2.0475
4764	1.749
4765	3.3228
4766	0.0
4767	2.3604
4768	1.138
4769	0.9784
4770	0.0
4771	3.1267
4772	3.6065
4773	0.8936
4774	3.1992
4775	2.2759
4776	1.8214
4777	2.5379
4778	1.8209
4779	0.0
4780	3.5751
4781	2.004
4782	0.0
4783	0.0
4784	0.0
4785	3.2752
4786	0.0
4787	0.0
4788	0.0
4789	0.0
4790	2.1653
4791	2.1843
4792	0.8056
4793	0.0
4794	0.0
4795	0.0
4796	4.1298
4797	0.0
4798	3.5905
4799	0.0
4800	0.0
4801	1.8019999999999998
4802	0.0
4803	0.0
4804	0.0
4805	0.0
4806	0.0
4807	0.0
4808	0.0
4809	0.0
4810	0.0
4811	2.1109999999999998
4812	0.0
4813	1.8464
4814	1.0257
4815	0.0
4816	0.9670000000000001
4817	0.8811
4818	0.0
4819	1.9997
4820	2.7798
4821	2.963
4822	0.0
4823	0.0
4824	0.0
4825	0.0
4826	1.1023
4827	3.0591
4828	2.7941
4829	1.6791
4830	0.0
4831	0.0
4832	0.0
4833	2.7227
4834	2.1817
4835	1.7643
4836	1.9316
4837	2.5647
4838	2.5599
4839	2.8763
4840	2.6908
4841	1.1431
4842	2.0099
4843	0.9866
4844	0.6909
4845	2.6014
4846	0.0
4847	1.1034
4848	0.0
4849	0.0
4850	3.0551
4851	2.5204
4852	3.0914
4853	2.2285
4854	2.4191
4855	0.0
4856	0.0
4857	0.0
4858	0.0
4859	0.0
4860	0.0
4861	0.0
4862	0.0
4863	0.0
4864	0.0
4865	0.0
4866	0.0
4867	0.0
4868	0.0
4869	0.0
4870	0.0
4871	0.0
4872	2.5554
4873	1.7638
4874	0.0
4875	1.3505
4876	5.2915
4877	0.0
4878	1.3525
4879	1.411
4880	1.3879
4881	1.9085
4882	1.607
4883	1.9609999999999999
4884	0.0
4885	1.2152
4886	3.3664
4887	1.1824
4888	2.7751
4889	1.3414
4890	1.2799
4891	2.1036
4892	2.2777
4893	1.1821
4894	0.0
4895	0.7967
4896	0.0
4897	0.0
4898	1.0636
4899	2.4228
4900	2.9789999999999996
4901	1.3474
4902	2.1013
4903	1.6179
4904	3.1591
4905	0.0
4906	0.0
4907	0.0
4908	0.0
4909	0.0
4910	0.0
4911	1.1918
4912	0.0
4913	0.0
4914	1.5452
4915	0.0
4916	0.0
4917	0.0
4918	0.0
4919	0.0
4920	0.0
4921	2.4532
4922	0.0
4923	0.0
4924	0.0
4925	1.5646
4926	0.0
4927	0.0
4928	0.0
4929	0.0
4930	0.0
4931	0.0
4932	0.0
4933	0.0
4934	0.0
4935	0.0
4936	0.0
4937	0.0
4938	0.0
4939	0.0
4940	0.0
4941	0.0
4942	1.8361
4943	0.0
4944	1.9558
4945	2.6027
4946	2.5538
4947	1.5292
4948	4.3081
4949	0.0
4950	2.0468
4951	2.4457
4952	0.0
4953	2.537
4954	1.9011
4955	1.0116
4956	4.6681
4957	1.3730000000000002
4958	2.4819999999999998
4959	1.6315
4960	0.0
4961	2.2144
4962	3.4636
4963	1.0232
4964	2.4715
4965	2.307
4966	2.279
4967	0.0
4968	0.0
4969	0.0
4970	1.6254
4971	2.4583
4972	1.7024
4973	2.2498
4974	1.1868
4975	0.0
4976	1.8889
4977	1.4523
4978	1.0931
4979	0.0
4980	1.3519
4981	1.2893
4982	2.4014
4983	2.0348
4984	1.0695
4985	0.9421
4986	0.0
4987	1.3093
4988	2.1067
4989	1.1101
4990	0.0
4991	1.2962
4992	2.4649
4993	2.0946
4994	0.0
4995	2.0691
4996	0.0
4997	1.4346
4998	2.0132
4999	0.0
5000	1.2457
5001	0.0
5002	0.0
5003	2.5313
5004	1.4708
5005	0.0
5006	0.0
5007	2.6965
5008	0.0
5009	2.94
5010	0.0
5011	2.6178
5012	0.0
5013	1.5091
5014	0.0
5015	2.1689
5016	1.4346
5017	0.0
5018	0.0
5019	0.0
5020	0.0
5021	0.0
5022	0.0
5023	0.0
5024	0.0
5025	0.0
5026	0.0
5027	0.0
5028	0.0
5029	0.0
5030	1.669
5031	0.0
5032	2.0391
5033	2.0016
5034	2.1411
5035	2.5821
5036	2.1618
5037	1.4414
5038	0.0
5039	2.7575
5040	0.8712
5041	0.0
5042	2.6261
5043	1.3
5044	0.0
5045	2.5886
5046	2.5224
5047	2.4085
5048	2.2696
5049	2.1427
5050	1.5661
5051	2.531
5052	3.3659
5053	0.0
5054	3.3191
5055	0.0
5056	0.6653
5057	0.0
5058	3.6937
5059	2.4388
5060	1.4146
5061	2.1582
5062	2.1185
5063	4.4642
5064	4.8537
5065	0.0
5066	1.2075
5067	3.6757
5068	2.102
5069	2.113
5070	2.54
5071	0.0
5072	1.2105
5073	0.0
5074	0.8809999999999999
5075	1.4615
5076	3.6437
5077	0.0
5078	0.0
5079	3.1236
5080	1.9297
5081	0.0
5082	1.7289
5083	4.6369
5084	1.5725
5085	1.9639
5086	1.7292
5087	0.6725
5088	2.4605
5089	2.424
5090	1.0858
5091	2.1329
5092	1.1941
5093	0.0
5094	0.0
5095	0.0
5096	1.2269
5097	0.0
5098	1.2134
5099	0.0
5100	0.0
5101	0.0
5102	0.0
5103	0.0
5104	0.0
5105	0.0
5106	0.0
5107	1.6924
5108	1.6584
5109	1.2834
5110	1.8506
5111	1.0351
5112	0.0
5113	1.4832
5114	2.0859
5115	0.0
5116	1.7029
5117	1.6925
5118	1.3315
5119	2.67
5120	2.6991
5121	1.4661
5122	1.745
5123	4.053
5124	4.0489
5125	1.2408
5126	4.7843
5127	2.4659
5128	1.9243
5129	0.0
5130	0.0
5131	1.0794
5132	0.0
5133	1.9227
5134	0.0
5135	1.0861
5136	0.0
5137	0.0
5138	0.0
5139	0.0
5140	0.0
5141	0.0
5142	0.0
5143	3.0337
5144	2.1017
5145	2.9599
5146	2.8254
5147	3.1761
5148	2.7542
5149	1.614
5150	2.7165
5151	0.0
5152	2.4448
5153	1.2586
5154	2.5207
5155	1.9948
5156	0.0
5157	0.0
5158	5.5392
5159	1.3942
5160	0.0
5161	6.6509
5162	1.5429
5163	0.0
5164	2.7058
5165	4.4259
5166	2.2861
5167	0.0
5168	2.6867
5169	0.0
5170	0.0
5171	0.0
5172	0.0
5173	0.0
5174	2.9009
5175	1.693
5176	2.9195
5177	0.0
5178	2.0775
5179	2.2349
5180	0.0
5181	0.0
5182	0.0
5183	2.3142
5184	1.9877
5185	0.0
5186	0.0
5187	0.0
5188	0.0
5189	2.0242
5190	1.8792
5191	0.0
5192	0.0
5193	0.0
5194	0.0
5195	0.0
5196	0.0
5197	0.0
5198	0.0
5199	4.287
5200	2.408
5201	0.8303
5202	1.3777
5203	2.1027
5204	3.3757
5205	2.7761
5206	2.5534
5207	0.0
5208	1.0974
5209	0.0
5210	0.0
5211	3.1998
5212	2.1579
5213	1.1368
5214	2.0961
5215	2.5052
5216	1.2642
5217	2.3821
5218	2.8433
5219	2.8887
5220	1.551
5221	1.9971
5222	1.5735
5223	0.0
5224	0.0
5225	1.7051
5226	1.25
5227	1.8791
5228	2.8116
5229	2.6011
5230	0.0
5231	0.0
5232	2.0304
5233	5.0024
5234	1.6259
5235	2.1352
5236	2.7251
5237	1.2828
5238	2.3764
5239	0.88
5240	0.0
5241	0.8611
5242	1.7235
5243	2.3297
5244	0.0
5245	1.8058
5246	0.0
5247	4.4858
5248	1.7352
5249	1.1787
5250	2.125
5251	2.4942
5252	0.0
5253	0.0
5254	0.0
5255	1.0977
5256	2.6514
5257	1.6168
5258	2.9639
5259	3.27
5260	0.0
5261	0.0
5262	0.0
5263	0.0
5264	0.0
5265	1.8704
5266	0.0
5267	2.655
5268	0.0
5269	1.9518
5270	0.0
5271	0.0
5272	0.0
5273	0.0
5274	0.0
5275	0.0
5276	0.0
5277	0.0
5278	0.0
5279	0.0
5280	0.0
5281	0.0
5282	0.0
5283	0.0
5284	0.0
5285	0.0
5286	0.0
5287	0.0
5288	2.3713
5289	0.7835
5290	0.0
5291	0.0
5292	2.4534
5293	0.0
5294	2.7583
5295	1.156
5296	1.8572
5297	0.0
5298	2.1935
5299	1.9857
5300	1.6095
5301	0.0
5302	1.0456
5303	2.4702
5304	2.9919
5305	2.2138
5306	1.0268
5307	0.0
5308	1.5059
5309	1.0597
5310	3.7032
5311	0.6866
5312	2.3538
5313	0.0
5314	1.6691
5315	2.4462
5316	2.108
5317	1.6848
5318	0.0
5319	2.0117
5320	0.9146
5321	2.4309
5322	5.6733
5323	1.0672
5324	0.0
5325	3.0049
5326	1.5645
5327	2.35
5328	3.2195
5329	0.0
5330	3.3644
5331	2.2227
5332	2.4933
5333	2.1387
5334	1.264
5335	1.2983
5336	1.2263
5337	0.0
5338	0.0
5339	2.0748
5340	0.0
5341	2.4895
5342	0.0
5343	2.6478
5344	0.0
5345	0.0
5346	0.0
5347	0.0
5348	0.0
5349	0.0
5350	0.0
5351	0.0
5352	0.0
5353	0.0
5354	0.0
5355	2.2871
5356	2.4256
5357	1.7029
5358	1.4135
5359	1.5243
5360	2.3509
5361	2.6766
5362	3.7041
5363	2.0604
5364	1.1501
5365	2.1395
5366	2.6259
5367	2.7556
5368	1.3543
5369	1.6834
5370	1.9474
5371	2.0006
5372	2.4816
5373	0.9078
5374	0.0
5375	0.0
5376	1.7983
5377	0.7339
5378	3.1074
5379	1.975
5380	1.5079
5381	0.9309999999999999
5382	2.4462
5383	6.3427
5384	1.6059
5385	2.1022
5386	1.9654
5387	2.119
5388	2.1921
5389	0.9828
5390	2.8315
5391	3.2794
5392	3.0091
5393	2.5038
5394	0.0
5395	0.0
5396	0.0
5397	1.1696
5398	1.2593
5399	0.0
5400	0.0
5401	0.0
5402	0.0
5403	0.0
5404	0.0
5405	0.0
5406	0.0
5407	0.0
5408	0.0
5409	0.0
5410	0.0
5411	0.0
5412	0.0
5413	0.0
5414	0.0
5415	0.0
5416	0.0
5417	0.9017
5418	1.4755
5419	0.0
5420	1.351
5421	1.7349
5422	1.8378
5423	2.0322
5424	1.3035
5425	0.0
5426	0.0
5427	0.8644
5428	1.9814
5429	1.4480000000000002
5430	1.2183
5431	1.3265
5432	1.2172
5433	1.8625
5434	1.9604
5435	2.4019999999999997
5436	2.4171
5437	1.4924
5438	2.156
5439	0.0
5440	1.0194
5441	2.6519999999999997
5442	0.7766
5443	1.0522
5444	0.0
5445	0.0
5446	1.3522
5447	1.6894
5448	2.1746
5449	1.4895
5450	1.7529
5451	2.3898
5452	3.1239
5453	2.1598
5454	1.0268
5455	2.5908
5456	1.2461
5457	2.0028
5458	2.7499
5459	1.2548
5460	1.1109
5461	1.6402
5462	2.8653
5463	2.9882
5464	0.0
5465	0.0
5466	2.2187
5467	1.4348
5468	1.7226
5469	0.0
5470	1.5868
5471	0.0
5472	0.0
5473	0.0
5474	1.8667
5475	0.0
5476	0.0
5477	1.3103
5478	0.8646
5479	0.0
5480	0.0
5481	0.0
5482	0.0
5483	0.0
5484	0.0
5485	1.5957
5486	0.0
5487	1.8959
5488	0.0
5489	0.0
5490	1.187
5491	0.0
5492	0.0
5493	0.0
5494	0.0
5495	1.2797
5496	0.9326
5497	0.9802
5498	1.2362
5499	0.0
5500	0.9704
5501	0.0
5502	0.0
5503	1.4294
5504	2.7977
5505	1.9849
5506	2.4109
5507	0.8194
5508	2.5057
5509	1.7358
5510	2.1546
5511	1.611
5512	1.6887
5513	1.2243
5514	2.1777
5515	0.9449
5516	1.9037
5517	1.3493
5518	1.3493
5519	1.0404
5520	3.2969
5521	0.946
5522	2.3816
5523	0.0
5524	2.3303
5525	2.7521
5526	1.4673
5527	0.0
5528	0.0
5529	0.9983
5530	0.0
5531	0.0
5532	1.0933
5533	0.0
5534	2.1145
5535	1.8828
5536	3.977
5537	1.9317
5538	2.1454
5539	0.0
5540	2.4609
5541	1.9907
5542	2.8321
5543	1.6058
5544	1.7744
5545	2.633
5546	2.8533
5547	0.0
5548	0.0
5549	0.0
5550	0.0
5551	0.0
5552	0.0
5553	0.0
5554	1.0317
5555	0.0
5556	0.0
5557	0.0
5558	0.0
5559	0.0
5560	0.0
5561	0.0
5562	0.0
5563	0.0
5564	0.0
5565	0.0
5566	0.0
5567	0.0
5568	0.0
5569	0.0
5570	0.0
5571	0.0
5572	0.0
5573	0.0
5574	0.0
5575	0.0
5576	0.0
5577	0.0
5578	0.0
5579	0.0
5580	0.0
5581	0.0
5582	2.1356
5583	1.0147
5584	0.0
5585	2.4998
5586	2.9712
5587	1.6494
5588	2.2533
5589	1.7
5590	0.0
5591	2.1813
5592	2.8503
5593	0.7623
5594	0.8593
5595	1.7014
5596	1.882
5597	2.0138
5598	0.0
5599	0.0
5600	0.7186
5601	2.3473
5602	1.8143
5603	2.0763
5604	1.4238
5605	2.0364
5606	3.145
5607	3.0648
5608	1.3229
5609	1.2811
5610	0.0
5611	2.7945
5612	1.1079
5613	0.0
5614	3.1862
5615	1.2509
5616	1.7753
5617	0.0
5618	2.1705
5619	1.0296
5620	2.8031
5621	2.3985
5622	0.0
5623	3.0124
5624	4.19
5625	2.4843
5626	4.7862
5627	1.2606
5628	1.9681
5629	2.3446
5630	2.0311
5631	2.5810000000000004
5632	0.0
5633	0.0
5634	2.6148
5635	2.1485
5636	1.7412
5637	2.1169
5638	0.0
5639	0.0
5640	1.3524
5641	0.0
5642	2.109
5643	0.0
5644	0.0
5645	0.0
5646	0.0
5647	0.0
5648	1.0993
5649	0.0
5650	0.0
5651	0.0
5652	0.0
5653	0.0
5654	0.0
5655	0.0
5656	0.0
5657	0.0
5658	1.2219
5659	0.0
5660	0.0
5661	0.0
5662	0.0
5663	0.0
5664	0.0
5665	0.0
5666	0.0
5667	0.0
5668	0.0
5669	0.0
5670	0.0
5671	0.0
5672	0.0
5673	1.9139
5674	0.8443
5675	2.2509
5676	2.2471
5677	1.6151
5678	2.7516
5679	1.5319
5680	0.0
5681	2.0124
5682	2.6508
5683	2.5318
5684	1.4671
5685	1.4963
5686	0.7748
5687	3.5584
5688	1.0074
5689	1.8624
5690	0.0
5691	4.421
5692	2.0552
5693	1.9609
5694	2.5673
5695	0.0
5696	2.1741
5697	0.0
5698	0.0
5699	4.4299
5700	1.9324
5701	1.8007
5702	2.717
5703	2.3555
5704	1.7699
5705	2.983
5706	0.0
5707	0.0
5708	0.0
5709	0.0
5710	1.4375
5711	0.0
5712	2.4061
5713	0.0
5714	1.2665
5715	0.0
5716	2.0933
5717	2.0156
5718	1.99
5719	2.509
5720	0.0
5721	0.0
5722	0.0
5723	1.2696
5724	0.0
5725	0.0
5726	1.5792
5727	4.2598
5728	2.095
5729	0.0
5730	0.0
5731	0.0
5732	0.0
5733	0.0
5734	0.0
5735	0.0
5736	0.0
5737	0.0
5738	0.0
5739	1.9389
5740	0.0
5741	0.0
5742	0.0
5743	0.0
5744	0.0
5745	0.0
5746	0.0
5747	0.0
5748	0.0
5749	0.0
5750	1.1285
5751	0.0
5752	2.3425
5753	0.0
5754	1.1274
5755	2.0919
5756	1.8394
5757	1.4131
5758	2.7484
5759	1.9976
5760	2.0538
5761	1.6192
5762	2.315
5763	0.5959
5764	1.2958
5765	0.0
5766	0.0
5767	1.2837
5768	1.1316
5769	2.1561
5770	2.5038
5771	1.4934
5772	3.2716
5773	1.3401
5774	0.0
5775	1.5177
5776	2.3864
5777	0.0
5778	1.7022
5779	0.0
5780	0.0
5781	1.2405
5782	2.1701
5783	0.0
5784	3.5129
5785	0.8038
5786	1.7803
5787	2.1879
5788	1.0203
5789	0.0
5790	1.9143
5791	2.283
5792	1.0097
5793	1.8028
5794	1.3559
5795	2.7683
5796	0.0
5797	1.6745
5798	1.3894
5799	1.3231
5800	2.1225
5801	1.339
5802	0.0
5803	0.0
5804	1.6098
5805	2.2817
5806	0.0
5807	0.0
5808	0.0
5809	0.0
5810	0.0
5811	2.5835
5812	1.4169
5813	1.9280000000000002
5814	0.0
5815	2.0578
5816	2.4963
5817	0.0
5818	0.0
5819	0.0
5820	0.0
5821	0.0
5822	0.0
5823	0.0
5824	0.0
5825	0.0
5826	0.0
5827	0.0
5828	0.0
5829	0.0
5830	0.0
5831	1.8025
5832	0.0
5833	0.0
5834	1.6563
5835	0.0
5836	3.1239999999999997
5837	0.0
5838	0.0
5839	1.3532
5840	0.927
5841	2.2828
5842	0.6952
5843	1.8263
5844	0.0
5845	1.2154
5846	1.1504
5847	0.0
5848	2.8305
5849	3.3567
5850	0.0
5851	4.0267
5852	0.0
5853	0.0
5854	0.0
5855	1.5771
5856	1.5085
5857	0.0
5858	0.0
5859	3.2801
5860	0.0
5861	0.0
5862	1.1506
5863	1.4622
5864	2.6654
5865	6.0709
5866	0.0
5867	0.0
5868	0.0
5869	2.765
5870	1.9572
5871	1.5023
5872	0.0
5873	0.0
5874	0.0
5875	2.5778
5876	2.1851
5877	1.9701
5878	1.9629
5879	3.2103
5880	0.0
5881	2.1222
5882	0.0
5883	2.1424
5884	2.2263
5885	1.6175
5886	2.1201
5887	3.9172
5888	1.1642
5889	0.0
5890	1.8514
5891	0.0
5892	1.5747
5893	2.1181
5894	0.0
5895	0.0
5896	2.6898
5897	2.2603
5898	0.0
5899	0.0
5900	0.0
5901	1.9799
5902	0.0
5903	0.0
5904	2.6819
5905	0.0
5906	0.0
5907	1.317
5908	0.0
5909	0.0
5910	0.0
5911	1.8667
5912	0.0
5913	0.0
5914	0.0
5915	0.0
5916	0.0
5917	0.0
5918	1.5191
5919	0.0
5920	0.0
5921	0.0
5922	0.0
5923	0.0
5924	0.0
5925	0.0
5926	0.0
5927	1.6415
5928	1.5497
5929	2.3465
5930	0.0
5931	1.5865
5932	3.0664
5933	2.8574
5934	0.0
5935	1.4506
5936	1.4222
5937	2.1227
5938	2.028
5939	1.3911
5940	2.5616
5941	2.6910000000000003
5942	0.9693
5943	1.1013
5944	0.9891
5945	1.2376
5946	2.1914
5947	0.9636
5948	2.2606
5949	2.7306
5950	1.1543
5951	1.3931
5952	0.8396
5953	2.6254
5954	0.0
5955	2.3448
5956	1.5969
5957	1.5088
5958	2.1265
5959	0.0
5960	1.7548
5961	2.0464
5962	4.5576
5963	1.0092
5964	1.4508
5965	0.0
5966	0.0
5967	0.0
5968	1.1904
5969	2.6519999999999997
5970	0.0
5971	2.5242
5972	0.0
5973	1.4836
5974	5.3352
5975	2.5569
5976	1.8719
5977	2.0543
5978	2.2193
5979	2.2191
5980	0.0
5981	2.3173
5982	1.9146
5983	1.84
5984	0.0
5985	0.0
5986	0.0
5987	0.0
5988	0.0
5989	2.1253
5990	2.1936
5991	0.0
5992	1.6698
5993	1.88
5994	1.1832
5995	0.0
5996	0.0
5997	0.0
5998	0.0
5999	0.0
6000	0.0
6001	0.0
6002	0.0
6003	0.0
6004	1.5848
6005	0.0
6006	0.0
6007	0.0
6008	0.0
6009	0.0
6010	0.0
6011	0.0
6012	0.0
6013	0.0
6014	0.0
6015	0.0
6016	0.0
6017	2.5936
6018	3.5526
6019	1.7869
6020	1.0341
6021	3.6794
6022	2.3223
6023	0.8353
6024	1.2568
6025	0.0
6026	1.1557
6027	1.0107
6028	0.0
6029	1.0671
6030	1.5025
6031	0.7096
6032	1.5288
6033	0.0
6034	0.0
6035	0.8604
6036	0.0
6037	1.6807
6038	2.5191
6039	1.5048
6040	3.8284
6041	0.0
6042	0.0
6043	0.0
6044	0.0
6045	2.3353
6046	2.8833
6047	1.6477
6048	1.8393
6049	1.0791
6050	0.6969
6051	1.8566
6052	2.1964
6053	2.8776
6054	0.0
6055	1.9029
6056	2.2636
6057	3.0072
6058	0.0
6059	0.0
6060	0.0
6061	0.0
6062	1.456
6063	2.4284
6064	0.0
6065	1.3204
6066	0.0
6067	0.0
6068	0.0
6069	0.0
6070	0.0
6071	0.0
6072	0.0
6073	0.0
6074	0.0
6075	0.0
6076	0.0
6077	0.9288
6078	2.6868
6079	2.1884
6080	3.0642
6081	1.7341
6082	6.9565
6083	1.2928
6084	2.4262
6085	3.1342
6086	0.92
6087	2.0494
6088	1.6993
6089	2.3759
6090	1.4884
6091	0.0
6092	0.8931
6093	1.7619999999999998
6094	0.0
6095	1.8955
6096	3.7699
6097	1.0393
6098	2.3625
6099	2.9116
6100	0.0
6101	1.8976
6102	1.4039
6103	2.5289
6104	2.5276
6105	0.0
6106	1.4451
6107	0.7336
6108	1.9976
6109	1.2059
6110	2.738
6111	1.9931
6112	1.2657
6113	0.0
6114	1.7158
6115	0.0
6116	2.131
6117	0.8388
6118	2.0587
6119	0.0
6120	3.325
6121	2.0831
6122	1.0275
6123	6.7813
6124	2.7174
6125	0.9151
6126	0.6822
6127	2.3757
6128	0.0
6129	0.0
6130	3.0205
6131	0.0
6132	2.1856
6133	0.0
6134	1.9708
6135	0.0
6136	0.0
6137	0.0
6138	0.0
6139	0.0
6140	0.0
6141	0.0
6142	2.8213
6143	2.294
6144	0.0
6145	1.0423
6146	5.1666
6147	2.5859
6148	0.0
6149	2.1488
6150	0.0
6151	0.0
6152	0.0
6153	0.0
6154	0.0
6155	0.0
6156	0.0
6157	0.0
6158	0.0
6159	0.0
6160	0.0
6161	0.0
6162	0.0
6163	0.0
6164	0.0
6165	0.9847
6166	0.0
6167	0.0
6168	2.1983
6169	1.6705
6170	1.1277
6171	2.7847
6172	0.0
6173	2.4432
6174	0.0
6175	1.8237
6176	3.4282
6177	1.3561
6178	0.0
6179	2.0236
6180	0.0
6181	2.721
6182	1.719
6183	0.8205
6184	1.6437
6185	0.0
6186	1.5814
6187	0.0
6188	1.9676
6189	0.8205
6190	2.2415
6191	1.6229
6192	0.0
6193	0.0
6194	0.0
6195	0.0
6196	0.0
6197	1.2813
6198	0.0
6199	1.275
6200	2.3646
6201	1.2843
6202	1.6139
6203	3.076
6204	1.14
6205	1.0487
6206	0.0
6207	2.9011
6208	2.9798
6209	0.0
6210	2.0517
6211	0.0
6212	2.1861
6213	0.0
6214	1.6461
6215	0.0
6216	0.0
6217	0.0
6218	0.0
6219	0.0
6220	0.0
6221	1.6859
6222	0.0
6223	0.0
6224	0.0
6225	0.0
6226	0.0
6227	0.0
6228	0.0
6229	0.0
6230	0.0
6231	0.0
6232	0.0
6233	0.0
6234	0.0
6235	0.0
6236	0.0
6237	0.0
6238	0.0
6239	0.0
6240	0.0
6241	0.0
6242	0.0
6243	1.369
6244	1.7882
6245	1.4591
6246	0.7318
6247	2.5878
6248	2.3754
6249	1.2944
6250	0.0
6251	0.0
6252	2.0552
6253	1.8948
6254	1.6095
6255	2.0669999999999997
6256	2.2724
6257	3.3371
6258	4.029
6259	6.9627
6260	1.7968
6261	0.8608
6262	2.1579
6263	3.0255
6264	1.1606
6265	0.0
6266	1.87
6267	1.8659999999999999
6268	1.5724
6269	1.0504
6270	2.6768
6271	0.0
6272	2.1035
6273	1.2352
6274	1.5052
6275	2.3493
6276	0.0
6277	0.0
6278	0.0
6279	1.0903
6280	1.9096
6281	2.1231
6282	1.105
6283	0.0
6284	1.8965
6285	1.3663
6286	1.2537
6287	1.0589
6288	2.978
6289	1.3561
6290	2.721
6291	1.278
6292	2.0128
6293	2.9078
6294	1.8397
6295	2.9413
6296	0.0
6297	0.0
6298	0.0
6299	1.3803
6300	0.0
6301	0.0
6302	1.0972
6303	0.0
6304	0.0
6305	0.0
6306	0.0
6307	0.0
6308	0.0
6309	0.0
6310	0.0
6311	0.0
6312	0.0
6313	0.0
6314	0.0
6315	0.0
6316	0.0
6317	0.0
6318	0.0
6319	0.0
6320	0.0
6321	0.0
6322	0.0
6323	0.0
6324	1.6328
6325	0.0
6326	1.6074
6327	0.0
6328	4.4341
6329	1.1677
6330	0.0
6331	0.9973
6332	2.7739999999999996
6333	0.0
6334	4.0305
6335	2.0121
6336	2.7874
6337	1.068
6338	0.0
6339	1.0747
6340	2.1331
6341	1.4667
6342	1.5549
6343	0.6532
6344	0.0
6345	0.0
6346	0.9508
6347	4.1428
6348	0.0
6349	2.3121
6350	2.0162
6351	3.3428
6352	2.3704
6353	0.0
6354	0.0
6355	0.0
6356	0.0
6357	0.0
6358	1.2975
6359	0.6946
6360	0.0
6361	0.0
6362	0.0
6363	0.0
6364	2.2983
6365	0.0
6366	0.0
6367	2.6554
6368	2.3956
6369	0.0
6370	2.7785
6371	0.0
6372	0.0
6373	0.0
6374	0.0
6375	0.0
6376	0.0
6377	1.3293
6378	0.0
6379	1.2344
6380	0.0
6381	2.0289
6382	0.0
6383	2.0052
6384	0.0
6385	0.0
6386	1.466
6387	0.0
6388	0.737
6389	0.0
6390	0.0
6391	1.4061
6392	0.0
6393	0.0
6394	2.2445
6395	2.4357
6396	1.7696
6397	1.3572
6398	4.3462
6399	2.1419
6400	2.6102
6401	0.0
6402	0.0
6403	1.1095
6404	1.1574
6405	1.7187
6406	5.8134
6407	0.9959
6408	1.1204
6409	2.4823
6410	2.9655
6411	0.9182
6412	1.8652
6413	1.885
6414	0.0
6415	2.6637
6416	0.0
6417	0.0
6418	2.3484
6419	0.0
6420	2.6166
6421	2.3462
6422	0.0
6423	3.2654
6424	1.0381
6425	1.6501
6426	3.3021
6427	0.0
6428	0.0
6429	2.8576
6430	0.0
6431	2.6844
6432	1.0555
6433	0.0
6434	0.0
6435	2.6581
6436	0.0
6437	1.1377
6438	3.1423
6439	2.6902
6440	0.0
6441	2.0519
6442	2.5441
6443	0.0
6444	0.0
6445	0.0
6446	1.4151
6447	1.5878
6448	1.9963
6449	0.0
6450	0.0
6451	1.8115
6452	0.0
6453	0.0
6454	0.0
6455	0.0
6456	0.0
6457	0.0
6458	0.0
6459	0.0
6460	0.0
6461	0.0
6462	0.0
6463	1.6440000000000001
6464	0.9634
6465	0.0
6466	2.1906
6467	2.2008
6468	0.0
6469	0.0
6470	0.0
6471	0.0
6472	1.347
6473	3.5723
6474	2.698
6475	0.0
6476	0.0
6477	1.7618
6478	2.1785
6479	2.958
6480	2.131
6481	2.3353
6482	0.0
6483	0.0
6484	1.6544
6485	1.2286
6486	1.629
6487	2.2718
6488	4.1873
6489	1.6526
6490	1.6609
6491	2.5384
6492	1.8245
6493	0.0
6494	2.2816
6495	1.4807
6496	4.7525
6497	2.7524
6498	3.1537
6499	0.0
6500	1.6148
6501	2.2714
6502	2.5465
6503	0.9857
6504	1.5372
6505	2.6738
6506	1.4301
6507	2.2769
6508	0.0
6509	1.5085
6510	0.0
6511	3.6543
6512	0.0
6513	1.5290000000000001
6514	1.6207
6515	1.9857
6516	1.8314
6517	4.7768
6518	2.2112
6519	0.0
6520	2.3515
6521	1.4648
6522	1.3554
6523	0.9575
6524	1.7686
6525	4.1873
6526	2.6403
6527	0.0
6528	1.6609
6529	4.1685
6530	2.1727
6531	2.5384
6532	2.8044
6533	2.6806
6534	0.0
6535	2.38
6536	0.0
6537	2.2816
6538	2.0967
6539	0.0
6540	4.7525
6541	0.0
6542	0.0
6543	3.1537
6544	0.0
6545	2.8605
6546	0.0
6547	1.265
6548	0.0
6549	2.2714
6550	0.0
6551	0.0
6552	2.5465
6553	0.0
6554	0.7031
6555	1.5372
6556	0.0
6557	0.0
6558	0.0
6559	0.0
6560	2.6036
6561	0.0
6562	0.0
6563	0.0
6564	0.0
6565	0.0
6566	0.0
6567	0.0
6568	0.0
6569	0.0
6570	0.0
6571	1.1404
6572	3.81
6573	1.7384
6574	1.6442
6575	3.1642
6576	1.868
6577	1.3198
6578	1.4628
6579	0.9904
6580	1.6301
6581	1.9792
6582	1.7368
6583	1.7453
6584	1.1287
6585	0.0
6586	2.0694
6587	2.5672
6588	0.0
6589	1.2099
6590	1.2924
6591	0.9267
6592	1.0687
6593	2.0511
6594	1.7149
6595	3.2835
6596	1.7521
6597	1.1265
6598	0.0
6599	1.3799
6600	1.3619999999999999
6601	2.5745
6602	1.0724
6603	1.4516
6604	0.0
6605	1.525
6606	1.8182
6607	1.6429
6608	1.7317
6609	1.1785
6610	1.7539
6611	1.4543
6612	0.0
6613	0.0
6614	2.2269
6615	2.469
6616	0.0
6617	0.0
6618	1.5993
6619	0.0
6620	0.0
6621	1.2941
6622	0.9343
6623	1.2724
6624	2.3704
6625	0.0
6626	2.7846
6627	1.8892
6628	1.0681
6629	1.4352
6630	1.0609
6631	1.8001
6632	0.0
6633	1.6073
6634	2.2992
6635	0.0
6636	0.0
6637	0.0
6638	0.0
6639	0.0
6640	0.0
6641	0.0
6642	0.0
6643	0.0
6644	0.9668
6645	1.739
6646	0.0
6647	0.0
6648	0.8987
6649	2.1812
6650	0.0
6651	0.0
6652	0.0
6653	0.0
6654	0.0
6655	0.0
6656	0.0
6657	0.0
6658	0.0
6659	0.0
6660	0.0
6661	2.1069999999999998
6662	1.0412
6663	1.3977
6664	2.21
6665	1.9655
6666	1.348
6667	3.4308
6668	1.6598
6669	0.0
6670	1.7305
6671	1.4201
6672	1.4447
6673	0.0
6674	2.4928
6675	2.3372
6676	1.7019
6677	1.6348
6678	2.231
6679	4.7484
6680	0.99
6681	0.8998
6682	1.6049
6683	2.4141
6684	1.4863
6685	0.0
6686	2.1554
6687	1.6934
6688	1.7884
6689	3.5817
6690	3.7556
6691	0.0
6692	3.0084
6693	1.3838
6694	1.7699
6695	2.7629
6696	1.2737
6697	3.6126
6698	3.3302
6699	3.2328
6700	1.8554
6701	3.7379
6702	1.4691
6703	2.5719
6704	0.0
6705	2.546
6706	0.0
6707	1.4781
6708	2.2453
6709	0.0
6710	2.4578
6711	0.0
6712	0.0
6713	2.3759
6714	0.0
6715	2.1457
6716	3.3214
6717	0.0
6718	0.0
6719	0.0
6720	0.0
6721	1.2528
6722	2.2151
6723	2.3469
6724	0.0
6725	0.0
6726	0.0
6727	1.7527
6728	0.0
6729	1.0894
6730	0.0
6731	1.5732
6732	0.0
6733	0.0
6734	0.0
6735	0.0
6736	0.0
6737	0.0
6738	0.0
6739	0.0
6740	0.0
6741	0.0
6742	1.6962
6744	2.8823
6745	3.3002
6746	2.5539
6747	3.3276
6748	1.3153
6749	1.9391
6750	1.2513
6751	1.0541
6752	2.1754
6753	3.5416
6754	2.4527
6755	0.7615
6756	2.3784
6757	1.7132
6758	1.252
6759	1.2406
6760	1.7096
6761	0.0
6762	1.5975
6763	1.7898
6764	2.3771
6765	1.8185
6766	0.0
6767	0.0
6768	0.0
6769	0.0
6770	1.5852
6771	0.0
6772	0.0
6773	2.258
6774	0.0
6775	2.7182
6776	1.6227
6777	1.7632
6778	2.045
6779	1.1123
6780	2.0799
6781	2.8085
6782	2.1149
6783	0.0
6784	0.0
6785	1.0577
6786	1.9532
6787	0.0
6788	2.7619
6789	2.1747
6790	1.8334
6791	1.7076
6792	1.4391
6793	0.0
6794	0.0
6795	2.0177
6796	0.0
6797	0.0
6798	0.0
6799	0.0
6800	0.0
6801	0.0
6802	0.0
6803	0.0
6804	0.0
6805	0.0
6806	0.0
6807	1.7869
6808	1.0821
6809	1.7159
6810	1.5203
6811	0.0
6812	2.7052
6813	1.6317
6814	1.5704
6815	2.4144
6816	0.8689
6817	2.3769
6818	2.1567
6819	2.2326
6820	1.3261
6821	0.0
6822	1.2198
6823	2.1864
6824	3.2538
6825	1.3433
6826	2.5175
6827	2.2081
6828	1.2296
6829	2.8571
6830	1.6165
6831	1.8722
6832	1.7193
6833	1.7481
6834	1.3273
6835	0.8547
6836	3.7510000000000003
6837	1.4049
6838	2.207
6839	1.6258
6840	0.9318
6841	1.5062
6842	2.3621
6843	2.5596
6844	3.8927
6845	0.0
6846	0.0
6847	1.8446
6848	0.0
6849	3.7088
6850	3.3186
6851	0.0
6852	2.1707
6853	2.6711
6854	0.0
6855	0.0
6856	0.0
6857	0.0
6858	0.0
6859	0.0
6860	0.0
6861	0.0
6862	1.7659
6863	0.0
6864	0.0
6865	0.0
6866	0.0
6867	0.0
6868	0.0
6869	0.0
6870	0.0
6871	0.0
6872	0.0
6873	0.0
6874	0.0
6875	0.0
6876	0.0
6877	0.0
6878	0.0
6879	0.0
6880	0.0
6881	0.0
6882	0.0
6883	0.0
6884	1.0049
6885	2.1742
6886	1.7948
6887	0.0
6888	1.8017
6889	2.6134
6890	0.0
6891	0.8466
6892	2.7135
6893	1.5009
6894	2.1623
6895	2.4691
6896	2.3791
6897	1.3504
6898	2.0954
6899	2.0334
6900	2.8415
6901	2.2216
6902	2.5754
6903	2.3341
6904	2.5841
6905	1.6652
6906	1.4757
6907	1.3775
6908	0.0
6909	0.0
6910	1.0332
6911	1.2992
6912	0.0
6913	0.0
6914	1.2747
6915	1.4192
6916	1.5173
6917	1.3548
6918	3.4353
6919	2.4291
6920	0.0
6921	1.6003
6922	2.0757
6923	2.0792
6924	0.0
6925	2.1171
6926	2.3714
6927	0.0
6928	1.2674
6929	0.0
6930	1.1291
6931	0.0
6932	1.9564
6933	3.6715
6934	0.0
6935	1.8325
6936	1.169
6937	0.7417
6938	0.0
6939	0.0
6940	2.9233
6941	0.0
6942	0.0
6943	0.0
6944	0.0
6945	0.0
6946	0.0
6947	0.0
6948	0.0
6949	0.0
6950	0.0
6951	0.0
6952	0.0
6953	0.0
6954	0.0
6955	0.0
6956	0.0
6957	0.0
6958	0.0
6959	0.0
6960	0.0
6961	1.0469
6962	1.505
6963	0.0
6964	1.8011
6965	1.3684
6966	2.2252
6967	0.0
6968	0.0
6969	2.8437
6970	2.164
6971	2.4909
6972	2.1058
6973	1.8587
6974	2.4427
6975	1.136
6976	0.0
6977	0.0
6978	0.0
6979	3.5223
6980	2.5093
6981	2.9514
6982	2.3305
6983	2.4562
6984	1.7926
6985	1.6461
6986	2.6796
6987	1.8538
6988	0.0
6989	0.0
6990	0.0
6991	1.9221
6992	1.4832
6993	2.2896
6994	1.9886
6995	0.0
6996	1.4066
6997	1.3056
6998	1.7299
6999	3.0017
7000	0.0
7001	0.0
7002	2.1281
7003	1.2458
7004	0.0
7005	3.1299
7006	2.2542
7007	0.0
7008	0.0
7009	4.1815
7010	2.6722
7011	2.9725
7012	1.5805
7013	3.1989
7014	0.0
7015	0.0
7016	1.4114
7017	1.4362
7018	0.0
7019	0.0
7020	0.0
7021	0.0
7022	0.0
7023	0.0
7024	0.0
7025	0.0
7026	1.3931
7027	0.0
7028	0.0
7029	0.0
7030	0.0
7031	0.0
7032	0.0
7033	0.0
7034	0.0
7035	0.0
7036	0.0
7037	0.0
7038	0.0
7039	0.0
7040	0.0
7041	0.0
7042	0.0
7043	0.0
7044	0.0
7045	0.0
7046	0.0
7047	1.5893
7048	0.0
7049	0.0
7050	1.4125
7051	1.2265
7052	2.5569
7053	0.0
7054	1.9014
7055	1.4871
7056	1.1613
7057	1.4441
7058	3.6102
7059	2.2326
7060	1.0469
7061	1.734
7062	1.7131
7063	1.9252
7064	1.0753
7065	0.0
7066	1.4065
7067	3.4355
7068	0.0
7069	0.0
7070	2.7045
7071	0.0
7072	0.0
7073	0.0
7074	1.0072
7075	1.5148
7076	1.8587
7077	3.0891
7078	3.0099
7079	1.3912
7080	0.0
7081	2.8782
7082	1.7428
7083	2.7173
7084	0.0
7085	0.0
7086	1.7617
7087	0.7804
7088	1.4648
7089	2.2294
7090	0.0
7091	0.0
7092	0.0
7093	3.1043
7094	0.0
7095	0.0
7096	0.0
7097	0.0
7098	0.0
7099	0.0
7100	0.0
7101	2.5203
7102	0.0
7103	0.0
7104	0.0
7105	0.0
7106	0.0
7107	0.0
7108	0.0
7109	0.0
7110	0.0
7111	0.0
7112	0.0
7113	0.0
7114	0.0
7115	0.0
7116	0.0
7117	0.0
7118	0.0
7119	0.0
7120	0.0
7121	0.0
7122	0.0
7123	0.0
7124	0.0
7125	0.0
7126	0.0
7127	1.2092
7128	1.7919
7129	0.8223
7130	1.7126
7131	2.392
7132	2.4234
7133	1.9125
7134	3.2602
7135	1.5029
7136	1.5705
7137	1.5738
7138	2.5883
7139	2.5726
7140	0.0
7141	2.7659
7142	1.297
7143	1.4046
7144	2.0898
7145	2.0459
7146	2.8738
7147	0.0
7148	0.9884
7149	1.4245
7150	1.4311
7151	1.8375
7152	0.0
7153	0.0
7154	1.2604
7155	1.963
7156	0.9765
7157	0.0
7158	0.0
7159	1.6680000000000001
7160	2.8703
7161	2.1651
7162	2.7059
7163	2.8483
7164	0.0
7165	1.9742
7166	2.4175
7167	2.1695
7168	2.4425
7169	1.5766
7170	2.2801
7171	1.5698
7172	0.0
7173	1.9358
7174	0.0
7175	0.0
7176	2.5235
7177	0.0
7178	0.0
7179	3.2185
7180	0.9286
7181	0.0
7182	0.0
7183	1.1325
7184	0.0
7185	0.0
7186	0.0
7187	0.0
7188	2.9043
7189	0.0
7190	0.0
7191	0.0
7192	0.0
7193	0.0
7194	0.0
7195	0.0
7196	0.0
7197	0.0
7198	0.0
7199	0.0
7200	0.0
7201	0.0
7202	2.9053
7203	1.4295
7204	1.4412
7205	3.2666
7206	0.0
7207	0.0
7208	3.3181
7209	2.2509
7210	2.3461
7211	1.9796
7212	3.1926
7213	1.8999
7214	0.0
7215	1.1541
7216	1.6422
7217	3.0477
7218	2.4147
7219	0.9932
7220	2.6524
7221	0.0
7222	0.7228
7223	1.3805
7224	0.0
7225	0.9868
7226	2.1477
7227	0.0
7228	0.0
7229	1.8061
7230	0.0
7231	1.8697
7232	1.3766
7233	2.8434
7234	2.6457
7235	2.2302
7236	1.875
7237	1.5895
7238	2.6068
7239	1.9667
7240	1.8309
7241	1.111
7242	2.1186
7243	0.0
7244	1.3803
7245	2.639
7246	2.2953
7247	1.008
7248	4.7883
7249	2.3769
7250	1.2188
7251	0.0
